,date,nasdaq,apple,tesla,google,trend
0,11/27/15,5127.52002,29.45249939,46.3219986,750.2600098,1.0
1,11/30/15,5108.669922,29.57500076,46.05199814,742.5999756,-1.0
2,12/1/15,5156.310059,29.33499908,47.43799973,767.039978,1.0
3,12/2/15,5123.220215,29.06999969,46.39799881,762.3800049,-1.0
4,12/3/15,5037.529785,28.79999924,46.54199982,752.539978,-1.0
5,12/4/15,5142.27002,29.75749969,46.07600021,766.8099976,1.0
6,12/7/15,5101.810059,29.56999969,46.22600174,763.25,-1.0
7,12/8/15,5098.240234,29.55750084,45.34400177,762.3699951,-1.0
8,12/9/15,5022.870117,28.90500069,44.90399933,751.6099854,-1.0
9,12/10/15,5045.169922,29.04249954,45.41400146,749.460022,1.0
10,12/11/15,4933.470215,28.29500008,43.40399933,738.8699951,-1.0
11,12/14/15,4952.22998,28.12000084,43.7159996,747.7700195,1.0
12,12/15/15,4995.359863,27.62249947,44.2179985,743.4000244,1.0
13,12/16/15,5071.129883,27.83499908,46.90200043,758.0900269,1.0
14,12/17/15,5002.549805,27.24500084,46.6780014,749.4299927,-1.0
15,12/18/15,4923.080078,26.50749969,46.09199905,739.3099976,-1.0
16,12/21/15,4968.919922,26.83250046,46.51200104,747.7700195,1.0
17,12/22/15,5001.109863,26.80750084,45.99000168,750.0,1.0
18,12/23/15,5045.930176,27.15250015,45.93999863,750.3099976,1.0
19,12/24/15,5048.490234,27.00749969,46.11399841,748.4000244,1.0
20,12/28/15,5040.990234,26.70499992,45.79000092,762.5100098,-1.0
21,12/29/15,5107.939941,27.18499947,47.43799973,776.5999756,1.0
22,12/30/15,5065.850098,26.82999992,47.61800003,771.0,-1.0
23,12/31/15,5007.410156,26.31500053,48.0019989,758.8800049,-1.0
24,1/4/16,4903.089844,26.33749962,44.68199921,741.8400269,-1.0
25,1/5/16,4891.430176,25.67749977,44.68600082,742.5800171,-1.0
26,1/6/16,4835.759766,25.17499924,43.80799866,743.6199951,-1.0
27,1/7/16,4689.430176,24.11249924,43.13000107,726.3900146,-1.0
28,1/8/16,4643.629883,24.23999977,42.20000076,714.4699707,-1.0
29,1/11/16,4637.990234,24.63249969,41.56999969,716.0300293,-1.0
30,1/12/16,4685.919922,24.98999977,41.99399948,726.0700073,1.0
31,1/13/16,4526.060059,24.34749985,40.06200027,700.5599976,-1.0
32,1/14/16,4615.0,24.87999916,41.23600006,714.7199707,1.0
33,1/15/16,4488.419922,24.28249931,40.9980011,694.4500122,-1.0
34,1/19/16,4476.950195,24.16500092,40.94400024,701.789978,-1.0
35,1/20/16,4471.689941,24.19750023,39.74000168,698.4500122,-1.0
36,1/21/16,4472.060059,24.07500076,39.99399948,706.5900269,1.0
37,1/22/16,4591.180176,25.35499954,40.50999832,725.25,1.0
38,1/25/16,4518.490234,24.86000061,39.27600098,711.6699829,-1.0
39,1/26/16,4567.669922,24.99749947,38.7120018,713.039978,1.0
40,1/27/16,4468.169922,23.35499954,37.61399841,699.9899902,-1.0
41,1/28/16,4506.680176,23.52249908,37.93999863,730.960022,1.0
42,1/29/16,4613.950195,24.33499908,38.24000168,742.9500122,1.0
43,2/1/16,4620.370117,24.10750008,39.38800049,752.0,1.0
44,2/2/16,4516.950195,23.62000084,36.55599976,764.6500244,-1.0
45,2/3/16,4504.240234,24.08749962,34.69599915,726.9500122,-1.0
46,2/4/16,4509.560059,24.14999962,35.06600189,708.0100098,1.0
47,2/5/16,4363.140137,23.50499916,32.52000046,683.5700073,-1.0
48,2/8/16,4283.75,23.75250053,29.59799957,682.7399902,-1.0
49,2/9/16,4268.759766,23.74749947,29.64999962,678.1099854,-1.0
50,2/10/16,4283.589844,23.56749916,28.73399925,684.1199951,1.0
51,2/11/16,4266.839844,23.42499924,30.09399986,683.1099854,-1.0
52,2/12/16,4337.509766,23.49749947,30.20800018,682.4000244,1.0
53,2/16/16,4435.959961,24.15999985,31.0340004,691.0,1.0
54,2/17/16,4534.060059,24.53000069,33.73600006,708.4000244,1.0
55,2/18/16,4487.540039,24.06500053,33.35400009,697.3499756,-1.0
56,2/19/16,4504.430176,24.01000023,33.31600189,700.9099731,1.0
57,2/22/16,4570.609863,24.21999931,35.54800034,706.460022,1.0
58,2/23/16,4503.580078,23.67250061,35.44200134,695.8499756,-1.0
59,2/24/16,4542.609863,24.02499962,35.79999924,699.5599976,1.0
60,2/25/16,4582.200195,24.19000053,37.48600006,705.75,1.0
61,2/26/16,4590.470215,24.22750092,38.06800079,705.0700073,1.0
62,2/29/16,4557.950195,24.17250061,38.38600159,697.7700195,-1.0
63,3/1/16,4689.600098,25.13249969,37.27000046,718.8099976,1.0
64,3/2/16,4703.419922,25.1875,37.66799927,718.8499756,1.0
65,3/3/16,4707.419922,25.375,39.14799881,712.4199829,1.0
66,3/4/16,4717.02002,25.75250053,40.20800018,710.8900146,1.0
67,3/7/16,4708.25,25.46750069,41.05799866,695.1599731,-1.0
68,3/8/16,4648.819824,25.25749969,40.52000046,693.9699707,-1.0
69,3/9/16,4674.379883,25.28000069,41.74399948,705.2399902,1.0
70,3/10/16,4662.160156,25.29249954,41.0359993,712.8200073,-1.0
71,3/11/16,4748.470215,25.56500053,41.5,726.8200073,1.0
72,3/14/16,4750.279785,25.62999916,43.02999878,730.4899902,1.0
73,3/15/16,4728.669922,26.14500046,43.66799927,728.3300171,-1.0
74,3/16/16,4763.970215,26.49250031,44.38600159,736.0900269,1.0
75,3/17/16,4774.990234,26.45000076,45.27600098,737.7800293,1.0
76,3/18/16,4795.649902,26.47999954,46.54800034,737.5999756,1.0
77,3/21/16,4808.870117,26.47750092,47.66400146,742.0900269,1.0
78,3/22/16,4821.660156,26.68000031,46.84799957,740.75,1.0
79,3/23/16,4768.859863,26.53249931,44.51599884,738.0599976,-1.0
80,3/24/16,4773.5,26.41749954,45.54999924,735.2999878,1.0
81,3/28/16,4766.790039,26.29750061,46.05199814,733.5300293,-1.0
82,3/29/16,4846.620117,26.92000008,46.02600098,744.7700195,1.0
83,3/30/16,4869.290039,27.38999939,45.37799835,750.5300293,1.0
84,3/31/16,4869.850098,27.24749947,45.95399857,744.9500122,1.0
85,4/1/16,4914.540039,27.49749947,47.51800156,749.9099731,1.0
86,4/4/16,4891.799805,27.78000069,49.39799881,745.289978,-1.0
87,4/5/16,4843.930176,27.45249939,51.09400177,737.7999878,-1.0
88,4/6/16,4920.720215,27.73999977,53.08399963,745.6900024,1.0
89,4/7/16,4848.370117,27.13500023,51.43999863,740.2800293,-1.0
90,4/8/16,4850.689941,27.16500092,50.01399994,739.1500244,1.0
91,4/11/16,4833.399902,27.25499916,49.98400116,736.0999756,-1.0
92,4/12/16,4872.089844,27.61000061,49.56399918,743.0900269,1.0
93,4/13/16,4947.419922,28.01000023,50.90599823,751.7199707,1.0
94,4/14/16,4945.890137,28.02499962,50.37200165,753.2000122,-1.0
95,4/15/16,4938.220215,27.46249962,50.90200043,759.0,-1.0
96,4/18/16,4960.02002,26.87000084,50.77600098,766.6099854,1.0
97,4/19/16,4940.330078,26.72750092,49.47399902,753.9299927,-1.0
98,4/20/16,4948.129883,26.78249931,49.99399948,752.6699829,1.0
99,4/21/16,4945.890137,26.49250031,49.65800095,759.1400146,-1.0
100,4/22/16,4906.22998,26.42000008,50.75,718.7700195,-1.0
101,4/25/16,4895.790039,26.27000046,50.36399841,723.1500244,-1.0
102,4/26/16,4888.279785,26.08749962,50.7480011,708.1400146,-1.0
103,4/27/16,4863.140137,24.45499992,50.29399872,705.8400269,-1.0
104,4/28/16,4805.290039,23.70750046,49.54199982,691.0200195,-1.0
105,4/29/16,4775.359863,23.43499947,48.15200043,693.0100098,-1.0
106,5/2/16,4817.589844,23.40999985,48.36000061,698.210022,1.0
107,5/3/16,4763.220215,23.79500008,46.4640007,692.3599854,-1.0
108,5/4/16,4725.640137,23.54750061,44.51200104,695.7000122,-1.0
109,5/5/16,4717.089844,23.30999947,42.30599976,701.4299927,-1.0
110,5/6/16,4736.160156,23.18000031,42.98600006,711.1199951,1.0
111,5/9/16,4750.209961,23.19750023,41.7840004,712.9000244,1.0
112,5/10/16,4809.879883,23.35499954,41.73799896,723.1799927,1.0
113,5/11/16,4760.689941,23.12750053,41.79199982,715.289978,-1.0
114,5/12/16,4737.330078,22.58499908,41.45600128,713.3099976,-1.0
115,5/13/16,4717.680176,22.62999916,41.52199936,710.8300171,-1.0
116,5/16/16,4775.459961,23.46999931,41.65800095,716.4899902,1.0
117,5/17/16,4715.72998,23.37249947,40.93199921,706.2299805,-1.0
118,5/18/16,4739.120117,23.63999939,42.23400116,706.6300049,1.0
119,5/19/16,4712.529785,23.54999924,43.04199982,700.3200073,-1.0
120,5/20/16,4769.560059,23.80500031,44.05599976,709.7399902,1.0
121,5/23/16,4765.779785,24.10750008,43.24399948,704.2399902,-1.0
122,5/24/16,4861.060059,24.47500038,43.58200073,720.0900269,1.0
123,5/25/16,4894.890137,24.90500069,43.91600037,725.2700195,1.0
124,5/26/16,4901.77002,25.10250092,45.02399826,724.1199951,1.0
125,5/27/16,4933.5,25.08749962,44.60800171,732.6599731,1.0
126,5/31/16,4948.049805,24.96500015,44.64599991,735.7199707,1.0
127,6/1/16,4952.25,24.61499977,43.91199875,734.1500244,1.0
128,6/2/16,4971.359863,24.43000031,43.79199982,730.4000244,1.0
129,6/3/16,4942.52002,24.47999954,43.79800034,722.3400269,-1.0
130,6/6/16,4968.709961,24.65749931,44.13600159,716.5499878,1.0
131,6/7/16,4961.75,24.75749969,46.4679985,716.6500244,-1.0
132,6/8/16,4974.640137,24.73500061,47.10400009,728.2800293,1.0
133,6/9/16,4958.620117,24.91250038,45.87200165,728.5800171,-1.0
134,6/10/16,4894.549805,24.70750046,43.75799942,719.4099731,-1.0
135,6/13/16,4848.439941,24.33499908,43.57400131,718.3599854,-1.0
136,6/14/16,4843.549805,24.36499977,42.99200058,718.2700195,-1.0
137,6/15/16,4834.930176,24.28499985,43.54000092,718.9199829,-1.0
138,6/16/16,4844.919922,24.38750076,43.58599854,710.3599854,1.0
139,6/17/16,4800.339844,23.83250046,43.09400177,691.7199707,-1.0
140,6/20/16,4837.209961,23.77499962,43.93999863,693.710022,1.0
141,6/21/16,4843.759766,23.97750092,43.92200089,695.9400024,1.0
142,6/22/16,4833.319824,23.88750076,39.33200073,697.460022,-1.0
143,6/23/16,4910.040039,24.02499962,39.27999878,701.8699951,1.0
144,6/24/16,4707.97998,23.35000038,38.63000107,675.2199707,-1.0
145,6/27/16,4594.439941,23.01000023,39.70999908,668.2600098,-1.0
146,6/28/16,4691.870117,23.39749908,40.35800171,680.039978,1.0
147,6/29/16,4779.25,23.60000038,42.0379982,684.1099854,1.0
148,6/30/16,4842.669922,23.89999962,42.45600128,692.0999756,1.0
149,7/1/16,4862.569824,23.97249985,43.29999924,699.210022,1.0
150,7/5/16,4822.899902,23.74749947,42.79600143,694.9500122,-1.0
151,7/6/16,4859.160156,23.88249969,42.88800049,697.7700195,1.0
152,7/7/16,4876.810059,23.98500061,43.18799973,695.3599854,1.0
153,7/8/16,4956.759766,24.17000008,43.35599899,705.6300049,1.0
154,7/11/16,4988.640137,24.24500084,44.95600128,715.0900269,1.0
155,7/12/16,5022.819824,24.35499954,44.93000031,720.6400146,1.0
156,7/13/16,5005.72998,24.21750069,44.50600052,716.9799805,-1.0
157,7/14/16,5034.060059,24.69750023,44.30599976,720.9500122,1.0
158,7/15/16,5029.589844,24.69499969,44.08000183,719.8499756,-1.0
159,7/18/16,5055.779785,24.95750046,45.25,733.7800293,1.0
160,7/19/16,5036.370117,24.96750069,45.05199814,736.960022,-1.0
161,7/20/16,5089.930176,24.98999977,45.67200089,741.1900024,1.0
162,7/21/16,5073.899902,24.85750008,44.09999847,738.6300049,-1.0
163,7/22/16,5100.160156,24.66500092,44.45399857,742.7399902,1.0
164,7/25/16,5097.629883,24.33499908,46.0019989,739.7700195,-1.0
165,7/26/16,5110.049805,24.16749954,45.90200043,738.4199829,1.0
166,7/27/16,5139.810059,25.73749924,45.69800186,741.7700195,1.0
167,7/28/16,5154.97998,26.08499908,46.12200165,745.9099731,1.0
168,7/29/16,5162.129883,26.05249977,46.95800018,768.789978,1.0
169,8/1/16,5184.200195,26.51250076,46.0019989,772.8800049,1.0
170,8/2/16,5137.72998,26.12000084,45.43999863,771.0700073,-1.0
171,8/3/16,5159.740234,26.44750023,45.15800095,773.1799927,1.0
172,8/4/16,5166.25,26.46750069,46.12200165,771.6099854,1.0
173,8/5/16,5221.120117,26.87000084,46.00600052,782.2199707,1.0
174,8/8/16,5213.140137,27.09250069,45.23199844,781.7600098,-1.0
175,8/9/16,5225.47998,27.20249939,45.81600189,784.2600098,1.0
176,8/10/16,5204.580078,27.0,45.13000107,784.6799927,-1.0
177,8/11/16,5228.399902,26.98250008,44.98199844,784.8499756,1.0
178,8/12/16,5232.890137,27.04500008,45.12200165,783.2199707,1.0
179,8/15/16,5262.02002,27.37000084,45.11800003,782.4400024,1.0
180,8/16/16,5227.109863,27.34499931,44.72200012,777.1400146,-1.0
181,8/17/16,5228.660156,27.30500031,44.64799881,779.9099731,1.0
182,8/18/16,5240.149902,27.27000046,44.70199966,777.5,1.0
183,8/19/16,5238.379883,27.34000015,45.0,775.4199829,-1.0
184,8/22/16,5244.600098,27.12750053,44.58599854,772.1500244,1.0
185,8/23/16,5260.080078,27.21249962,44.9679985,772.0800171,1.0
186,8/24/16,5217.689941,27.00749969,44.52399826,769.6400146,-1.0
187,8/25/16,5212.200195,26.89249992,44.19200134,769.4099731,-1.0
188,8/26/16,5218.919922,26.73500061,43.9980011,769.539978,1.0
189,8/29/16,5232.330078,26.70499992,43.04000092,772.1500244,1.0
190,8/30/16,5222.990234,26.5,42.26800156,769.0900269,-1.0
191,8/31/16,5213.220215,26.52499962,42.40200043,767.0499878,-1.0
192,9/1/16,5227.209961,26.68250084,40.15399933,768.7800293,1.0
193,9/2/16,5249.899902,26.93250084,39.55599976,771.460022,1.0
194,9/6/16,5275.910156,26.92499924,40.56600189,780.0800171,1.0
195,9/7/16,5283.930176,27.09000015,40.34199905,780.3499756,1.0
196,9/8/16,5259.47998,26.37999916,39.47200012,775.3200073,-1.0
197,9/9/16,5125.910156,25.78249931,38.89400101,759.6599731,-1.0
198,9/12/16,5211.890137,26.36000061,39.65999985,769.0200195,1.0
199,9/13/16,5155.25,26.98749924,39.20999908,759.6900024,-1.0
200,9/14/16,5173.77002,27.94249916,39.2820015,762.4899902,1.0
201,9/15/16,5249.689941,28.89249992,40.08399963,771.7600098,1.0
202,9/16/16,5244.569824,28.72999954,41.08000183,768.8800049,-1.0
203,9/19/16,5235.029785,28.39500046,41.26800156,765.7000122,-1.0
204,9/20/16,5241.350098,28.39249992,40.9280014,771.4099731,1.0
205,9/21/16,5295.180176,28.38750076,41.04399872,776.2199707,1.0
206,9/22/16,5339.52002,28.65500069,41.2859993,787.210022,1.0
207,9/23/16,5305.75,28.17749977,41.49000168,786.9000244,-1.0
208,9/26/16,5257.490234,28.21999931,41.79800034,774.210022,-1.0
209,9/27/16,5305.709961,28.27249908,41.16199875,783.0100098,1.0
210,9/28/16,5318.549805,28.48749924,41.25400162,781.5599976,1.0
211,9/29/16,5269.149902,28.04500008,40.13999939,775.0100098,-1.0
212,9/30/16,5312.0,28.26250076,40.80599976,777.289978,1.0
213,10/3/16,5300.870117,28.12999916,42.74000168,772.5599976,-1.0
214,10/4/16,5289.660156,28.25,42.2820015,776.4299927,-1.0
215,10/5/16,5316.02002,28.26250076,41.69200134,776.4699707,1.0
216,10/6/16,5306.850098,28.47249985,40.20000076,776.8599854,-1.0
217,10/7/16,5292.399902,28.51499939,39.3219986,775.0800171,-1.0
218,10/10/16,5328.669922,29.01250076,40.18999863,785.9400024,1.0
219,10/11/16,5246.790039,29.07500076,40.02000046,783.0700073,-1.0
220,10/12/16,5239.02002,29.33499908,40.30199814,786.1400146,-1.0
221,10/13/16,5213.330078,29.24500084,40.04800034,778.1900024,-1.0
222,10/14/16,5214.160156,29.40749931,39.30199814,778.5300293,1.0
223,10/17/16,5199.819824,29.38750076,38.79199982,779.960022,-1.0
224,10/18/16,5243.839844,29.36750031,39.81999969,795.2600098,1.0
225,10/19/16,5246.410156,29.28000069,40.7120018,801.5,1.0
226,10/20/16,5241.830078,29.26499939,39.81999969,796.9699707,-1.0
227,10/21/16,5257.399902,29.14999962,40.01800156,799.3699951,1.0
228,10/24/16,5309.830078,29.41250038,40.55199814,813.1099854,1.0
229,10/25/16,5283.399902,29.5625,40.4679985,807.6699829,-1.0
230,10/26/16,5250.27002,28.89749908,40.44800186,799.0700073,-1.0
231,10/27/16,5215.970215,28.62000084,40.80199814,795.3499756,-1.0
232,10/28/16,5190.100098,28.43000031,39.99399948,795.3699951,-1.0
233,10/31/16,5189.140137,28.38500023,39.54600143,784.539978,-1.0
234,11/1/16,5153.580078,27.87249947,38.15800095,783.6099854,-1.0
235,11/2/16,5105.569824,27.89749908,37.60400009,768.7000122,-1.0
236,11/3/16,5058.410156,27.45750046,37.48400116,762.1300049,-1.0
237,11/4/16,5046.370117,27.20999908,38.11199951,762.0200195,-1.0
238,11/7/16,5166.169922,27.60250092,38.64199829,782.5200195,1.0
239,11/8/16,5193.490234,27.76499939,38.98799896,790.5100098,1.0
240,11/9/16,5251.069824,27.71999931,38.01200104,785.3099976,1.0
241,11/10/16,5208.799805,26.94750023,37.06999969,762.5599976,-1.0
242,11/11/16,5237.109863,27.10750008,37.7120018,754.0200195,1.0
243,11/14/16,5218.399902,26.42749977,36.29000092,736.0800171,-1.0
244,11/15/16,5275.620117,26.77750015,36.75400162,758.4899902,1.0
245,11/16/16,5294.580078,27.49749947,36.7859993,764.4799805,1.0
246,11/17/16,5333.970215,27.48749924,37.73199844,771.2299805,1.0
247,11/18/16,5321.509766,27.51499939,37.00400162,760.539978,-1.0
248,11/21/16,5368.859863,27.93250084,36.90399933,769.2000122,1.0
249,11/22/16,5386.350098,27.95000076,38.23400116,768.2700195,1.0
250,11/23/16,5380.680176,27.80750084,38.62799835,760.9899902,-1.0
251,11/25/16,5398.919922,27.94750023,39.33000183,761.6799927,1.0
252,11/28/16,5368.810059,27.89249992,39.22399902,768.2399902,-1.0
253,11/29/16,5379.919922,27.86499977,37.91400146,770.8400269,1.0
254,11/30/16,5323.680176,27.62999916,37.88000107,758.039978,-1.0
255,12/1/16,5251.109863,27.37249947,36.37599945,747.9199829,-1.0
256,12/2/16,5255.649902,27.47500038,36.29399872,750.5,1.0
257,12/5/16,5308.890137,27.27750015,37.36000061,762.5200195,1.0
258,12/6/16,5333.0,27.48749924,37.16999817,759.1099854,1.0
259,12/7/16,5393.759766,27.75749969,38.63000107,771.1900024,1.0
260,12/8/16,5417.359863,28.03000069,38.45800018,776.4199829,1.0
261,12/9/16,5444.5,28.48749924,38.43600082,789.289978,1.0
262,12/12/16,5412.540039,28.32500076,38.48600006,789.2700195,-1.0
263,12/13/16,5463.830078,28.79750061,39.63000107,796.0999756,1.0
264,12/14/16,5436.669922,28.79750061,39.73799896,797.0700073,-1.0
265,12/15/16,5456.850098,28.95499992,39.51599884,797.8499756,1.0
266,12/16/16,5437.160156,28.99250031,40.4980011,790.7999878,-1.0
267,12/19/16,5457.439941,29.15999985,40.54600143,794.2000122,1.0
268,12/20/16,5483.939941,29.23749924,41.75799942,796.4199829,1.0
269,12/21/16,5471.430176,29.26499939,41.54000092,794.5599976,-1.0
270,12/22/16,5447.419922,29.07250023,41.68999863,791.2600098,-1.0
271,12/23/16,5462.689941,29.12999916,42.66799927,789.9099731,1.0
272,12/27/16,5487.439941,29.31500053,43.90599823,791.5499878,1.0
273,12/28/16,5438.560059,29.19000053,43.94800186,785.0499878,-1.0
274,12/29/16,5432.089844,29.18250084,42.93600082,782.789978,-1.0
275,12/30/16,5383.120117,28.95499992,42.73799896,771.8200073,-1.0
276,1/3/17,5429.080078,29.03750038,43.39799881,786.1400146,1.0
277,1/4/17,5477.0,29.00499916,45.39799881,786.9000244,1.0
278,1/5/17,5487.939941,29.15250015,45.34999847,794.0200195,1.0
279,1/6/17,5521.060059,29.47750092,45.80199814,806.1500244,1.0
280,1/9/17,5531.819824,29.74749947,46.25600052,806.6500244,1.0
281,1/10/17,5551.819824,29.77750015,45.97399902,804.789978,1.0
282,1/11/17,5563.649902,29.9375,45.94599915,807.9099731,1.0
283,1/12/17,5547.490234,29.8125,45.91799927,806.3599854,-1.0
284,1/13/17,5574.120117,29.76000023,47.54999924,807.8800049,1.0
285,1/17/17,5538.72998,30.0,47.11600113,804.6099854,-1.0
286,1/18/17,5555.649902,29.99749947,47.67200089,806.0700073,1.0
287,1/19/17,5540.080078,29.94499969,48.7519989,802.1749878,-1.0
288,1/20/17,5555.330078,30.0,48.94599915,805.0200195,1.0
289,1/23/17,5552.939941,30.02000046,49.7840004,819.3099976,-1.0
290,1/24/17,5600.959961,29.99250031,50.92200089,823.8699951,1.0
291,1/25/17,5656.339844,30.46999931,50.89400101,835.6699829,1.0
292,1/26/17,5655.180176,30.48500061,50.5019989,832.1500244,-1.0
293,1/27/17,5660.779785,30.48749924,50.59000015,823.3099976,1.0
294,1/30/17,5613.709961,30.40749931,50.12599945,802.3200073,-1.0
295,1/31/17,5614.790039,30.33749962,50.38600159,796.789978,1.0
296,2/1/17,5642.649902,32.1875,49.84799957,795.6950073,1.0
297,2/2/17,5636.200195,32.13249969,50.31000137,798.5300293,-1.0
298,2/3/17,5666.77002,32.27000046,50.26599884,801.4899902,1.0
299,2/6/17,5663.549805,32.57249832,51.55400085,801.3400269,-1.0
300,2/7/17,5674.220215,32.88249969,51.49599838,806.9699707,1.0
301,2/8/17,5682.450195,33.00999832,52.41600037,808.3800049,1.0
302,2/9/17,5715.180176,33.10499954,53.84000015,809.5599976,1.0
303,2/10/17,5734.129883,33.02999878,53.84600067,813.6699829,1.0
304,2/13/17,5763.959961,33.32249832,56.11999893,819.2399902,1.0
305,2/14/17,5782.569824,33.75500107,56.19599915,820.4500122,1.0
306,2/15/17,5819.439941,33.87749863,55.95199966,818.9799805,1.0
307,2/16/17,5814.899902,33.83750153,53.79000092,824.1599731,-1.0
308,2/17/17,5838.580078,33.93000031,54.44599915,828.0700073,1.0
309,2/21/17,5865.950195,34.17499924,55.47800064,831.6599731,1.0
310,2/22/17,5860.629883,34.27750015,54.70199966,830.7600098,-1.0
311,2/23/17,5835.509766,34.13249969,51.19800186,831.3300171,-1.0
312,2/24/17,5845.310059,34.16500092,51.40000153,828.6400146,1.0
313,2/27/17,5861.899902,34.23249817,49.24599838,829.2800293,1.0
314,2/28/17,5825.439941,34.24750137,49.9980011,823.210022,-1.0
315,3/1/17,5904.029785,34.94749832,50.00400162,835.2399902,1.0
316,3/2/17,5861.220215,34.74000168,50.09600067,830.6300049,-1.0
317,3/3/17,5870.75,34.94499969,50.31399918,829.0800171,1.0
318,3/6/17,5849.180176,34.83499908,50.24200058,827.7800293,-1.0
319,3/7/17,5833.930176,34.88000107,49.7179985,831.9099731,-1.0
320,3/8/17,5837.549805,34.75,49.37400055,835.3699951,1.0
321,3/9/17,5838.810059,34.66999817,48.97999954,838.6799927,1.0
322,3/10/17,5861.72998,34.78499985,48.73799896,843.25,1.0
323,3/13/17,5875.779785,34.79999924,49.23400116,845.539978,1.0
324,3/14/17,5856.819824,34.74750137,51.59999847,845.6199951,-1.0
325,3/15/17,5900.049805,35.11500168,51.14599991,847.2000122,1.0
326,3/16/17,5900.759766,35.17250061,52.40999985,848.7800293,1.0
327,3/17/17,5901.0,34.99750137,52.29999924,852.1199951,1.0
328,3/20/17,5901.529785,35.36500168,52.38399887,848.4000244,1.0
329,3/21/17,5793.830078,34.95999908,50.13600159,830.460022,-1.0
330,3/22/17,5821.640137,35.35499954,51.0019989,829.5900269,1.0
331,3/23/17,5817.689941,35.22999954,50.95600128,817.5800171,-1.0
332,3/24/17,5828.740234,35.15999985,52.63199997,814.4299927,1.0
333,3/27/17,5840.370117,35.22000122,54.04399872,819.5100098,1.0
334,3/28/17,5875.140137,35.95000076,55.49000168,820.9199829,1.0
335,3/29/17,5897.549805,36.02999878,55.47600174,831.4099731,1.0
336,3/30/17,5914.339844,35.98249817,55.58399963,831.5,1.0
337,3/31/17,5911.740234,35.91500092,55.65999985,829.5599976,-1.0
338,4/3/17,5894.680176,35.92499924,59.70399857,838.5499878,-1.0
339,4/4/17,5898.609863,36.19250107,60.74000168,834.5700073,1.0
340,4/5/17,5864.47998,36.00500107,59.0,831.4099731,-1.0
341,4/6/17,5878.950195,35.91500092,59.74000168,827.8800049,1.0
342,4/7/17,5877.810059,35.83499908,60.50799942,824.6699829,-1.0
343,4/10/17,5880.930176,35.79249954,62.47800064,824.7299805,1.0
344,4/11/17,5866.77002,35.40750122,61.74200058,823.3499756,-1.0
345,4/12/17,5836.160156,35.45000076,59.36800003,824.3200073,-1.0
346,4/13/17,5805.149902,35.26250076,60.79999924,823.5599976,-1.0
347,4/17/17,5856.790039,35.45750046,60.2879982,837.1699829,1.0
348,4/18/17,5849.470215,35.29999924,60.04999924,836.8200073,-1.0
349,4/19/17,5863.029785,35.16999817,61.10400009,838.210022,1.0
350,4/20/17,5916.779785,35.61000061,60.5019989,841.6500244,1.0
351,4/21/17,5910.52002,35.56750107,61.11999893,843.1900024,-1.0
352,4/24/17,5983.819824,35.90999985,61.60599899,862.7600098,1.0
353,4/25/17,6025.490234,36.13249969,62.75799942,872.2999878,1.0
354,4/26/17,6025.22998,35.91999817,62.0340004,871.7299805,-1.0
355,4/27/17,6048.939941,35.94749832,61.72600174,874.25,1.0
356,4/28/17,6047.609863,35.91249847,62.81399918,905.960022,-1.0
357,5/1/17,6091.600098,36.64500046,64.56600189,912.5700073,1.0
358,5/2/17,6095.370117,36.87749863,63.77799988,916.4400024,1.0
359,5/3/17,6072.549805,36.76499939,62.20399857,927.039978,-1.0
360,5/4/17,6075.339844,36.63249969,59.09199905,931.6599731,1.0
361,5/5/17,6100.759766,37.24000168,61.66999817,927.1300049,1.0
362,5/8/17,6102.660156,38.25249863,61.43799973,934.2999878,1.0
363,5/9/17,6120.589844,38.49750137,64.2519989,932.1699829,1.0
364,5/10/17,6129.140137,38.31499863,65.04399872,928.7800293,1.0
365,5/11/17,6115.959961,38.48749924,64.62000275,930.5999756,-1.0
366,5/12/17,6121.22998,39.02500153,64.96199799,932.2199707,1.0
367,5/15/17,6149.669922,38.92499924,63.17599869,937.0800171,1.0
368,5/16/17,6169.870117,38.86750031,63.40200043,943.0,1.0
369,5/17/17,6011.240234,37.5625,61.22200012,919.6199951,-1.0
370,5/18/17,6055.129883,38.13499832,62.61199951,930.2399902,1.0
371,5/19/17,6083.700195,38.26499939,62.16600037,934.0100098,1.0
372,5/22/17,6133.620117,38.49750137,62.06999969,941.8599854,1.0
373,5/23/17,6138.709961,38.45000076,60.77199936,948.8200073,1.0
374,5/24/17,6163.02002,38.33499908,62.04399872,954.960022,1.0
375,5/25/17,6205.259766,38.46749878,63.36600113,969.539978,1.0
376,5/26/17,6210.189941,38.40250015,65.02799988,971.4699707,1.0
377,5/30/17,6203.189941,38.41749954,67.01999664,975.8800049,-1.0
378,5/31/17,6198.52002,38.18999863,68.20200348,964.8599854,-1.0
379,6/1/17,6246.830078,38.29499817,68.0739975,966.9500122,1.0
380,6/2/17,6305.799805,38.86249924,67.97000122,975.5999756,1.0
381,6/5/17,6295.680176,38.48249817,69.46399689,983.6799927,-1.0
382,6/6/17,6275.060059,38.61249924,70.56999969,976.5700073,-1.0
383,6/7/17,6297.379883,38.84249878,71.93000031,980.9400024,1.0
384,6/8/17,6321.759766,38.74750137,74.0,983.4099731,1.0
385,6/9/17,6207.919922,37.24499893,71.46399689,949.8300171,-1.0
386,6/12/17,6175.459961,36.35499954,71.80200195,942.9000244,-1.0
387,6/13/17,6220.370117,36.64749908,75.19000244,953.4000244,1.0
388,6/14/17,6194.890137,36.29000092,76.13200378,950.7600098,-1.0
389,6/15/17,6165.5,36.07249832,75.06800079,942.3099976,-1.0
390,6/16/17,6151.759766,35.56750107,74.27999878,939.7800293,-1.0
391,6/19/17,6239.009766,36.58499908,73.95999908,957.3699951,1.0
392,6/20/17,6188.029785,36.25249863,74.44799805,950.6300049,-1.0
393,6/21/17,6233.950195,36.46749878,75.27999878,959.4500122,1.0
394,6/22/17,6236.689941,36.40750122,76.52200317,957.0900269,1.0
395,6/23/17,6265.25,36.56999969,76.69000244,965.5900269,1.0
396,6/26/17,6247.149902,36.45500183,75.4980011,952.2700195,-1.0
397,6/27/17,6146.620117,35.93249893,72.47399902,927.3300171,-1.0
398,6/28/17,6234.410156,36.45750046,74.2480011,940.4899902,1.0
399,6/29/17,6144.350098,35.91999817,72.15000153,917.789978,-1.0
400,6/30/17,6140.419922,36.00500107,72.3219986,908.7299805,-1.0
401,7/3/17,6110.060059,35.875,70.52400208,898.7000122,-1.0
402,7/5/17,6150.859863,36.02249908,65.41799927,911.710022,1.0
403,7/6/17,6089.459961,35.68249893,61.76599884,906.6900024,-1.0
404,7/7/17,6153.080078,36.04499817,62.64400101,918.5900269,1.0
405,7/10/17,6176.390137,36.26499939,63.20999908,928.7999878,1.0
406,7/11/17,6193.299805,36.38249969,65.44400024,930.0900269,1.0
407,7/12/17,6261.169922,36.43500137,65.90399933,943.8300171,1.0
408,7/13/17,6274.439941,36.94250107,64.68199921,947.1599731,1.0
409,7/14/17,6312.470215,37.25999832,65.55599976,955.9899902,1.0
410,7/17/17,6314.430176,37.38999939,63.91400146,953.4199829,1.0
411,7/18/17,6344.310059,37.52000046,65.64800262,965.4000244,1.0
412,7/19/17,6385.040039,37.75500107,65.05200195,970.8900146,1.0
413,7/20/17,6390.0,37.58499908,65.98400116,968.1500244,1.0
414,7/21/17,6387.75,37.56750107,65.68000031,972.9199829,-1.0
415,7/24/17,6410.810059,38.02249908,68.5039978,980.3400269,1.0
416,7/25/17,6412.169922,38.18500137,67.91999817,950.7000122,1.0
417,7/26/17,6422.75,38.36500168,68.76999664,947.7999878,1.0
418,7/27/17,6382.189941,37.63999939,66.89199829,934.0900269,-1.0
419,7/28/17,6374.680176,37.375,67.01399994,941.5300293,-1.0
420,7/31/17,6348.120117,37.18249893,64.69400024,930.5,-1.0
421,8/1/17,6362.939941,37.51250076,63.91400146,930.8300171,1.0
422,8/2/17,6362.649902,39.28499985,65.1780014,930.3900146,-1.0
423,8/3/17,6340.339844,38.89250183,69.41799927,923.6500244,-1.0
424,8/4/17,6351.560059,39.09749985,71.38200378,927.960022,1.0
425,8/7/17,6383.77002,39.70249939,71.03399658,929.3599854,1.0
426,8/8/17,6370.459961,40.02000046,73.04399872,926.789978,-1.0
427,8/9/17,6352.330078,40.26499939,72.70600128,922.9000244,-1.0
428,8/10/17,6216.870117,38.83000183,71.08000183,907.2399902,-1.0
429,8/11/17,6256.560059,39.36999893,71.5739975,914.3900146,1.0
430,8/14/17,6340.22998,39.96250153,72.76000214,922.6699829,1.0
431,8/15/17,6333.009766,40.40000153,72.46600342,922.2199707,-1.0
432,8/16/17,6345.109863,40.23749924,72.58200073,926.960022,1.0
433,8/17/17,6221.910156,39.46500015,70.38400269,910.9799805,-1.0
434,8/18/17,6216.529785,39.375,69.49199677,910.6699829,-1.0
435,8/21/17,6213.129883,39.30250168,67.5719986,906.6599731,-1.0
436,8/22/17,6297.47998,39.94499969,68.26999664,924.6900024,1.0
437,8/23/17,6278.410156,39.99499893,70.55400085,927.0,-1.0
438,8/24/17,6271.330078,39.81750107,70.58599854,921.2800293,-1.0
439,8/25/17,6265.640137,39.96500015,69.61000061,915.8900146,-1.0
440,8/28/17,6283.02002,40.36750031,69.13200378,913.8099976,1.0
441,8/29/17,6301.890137,40.72750092,69.47200012,921.289978,1.0
442,8/30/17,6368.310059,40.83750153,70.63600159,929.5700073,1.0
443,8/31/17,6428.660156,41.0,71.18000031,939.3300171,1.0
444,9/1/17,6435.330078,41.01250076,71.08000183,937.3400269,1.0
445,9/5/17,6375.569824,40.52000046,69.91799927,928.4500122,-1.0
446,9/6/17,6393.310059,40.47750092,68.90599823,927.8099976,1.0
447,9/7/17,6397.870117,40.31499863,70.12200165,935.9500122,1.0
448,9/8/17,6360.189941,39.65750122,68.68000031,926.5,-1.0
449,9/11/17,6432.259766,40.375,72.73799896,929.0800171,1.0
450,9/12/17,6454.279785,40.21500015,72.55000305,932.0700073,1.0
451,9/13/17,6460.189941,39.91249847,73.2460022,935.0900269,1.0
452,9/14/17,6429.080078,39.56999969,75.52799988,925.1099854,-1.0
453,9/15/17,6448.470215,39.97000122,75.96199799,920.289978,1.0
454,9/18/17,6454.640137,39.66749954,77.0,915.0,1.0
455,9/19/17,6461.319824,39.68249893,75.01999664,921.8099976,1.0
456,9/20/17,6456.040039,39.01750183,74.78199768,931.5800171,-1.0
457,9/21/17,6422.689941,38.34749985,73.29599762,932.4500122,-1.0
458,9/22/17,6426.919922,37.97249985,70.21800232,928.5300293,1.0
459,9/25/17,6370.589844,37.63750076,68.9980011,920.9699707,-1.0
460,9/26/17,6380.160156,38.28499985,69.05000305,924.8599854,1.0
461,9/27/17,6453.259766,38.55749893,68.19400024,944.4899902,1.0
462,9/28/17,6453.450195,38.31999969,67.91999817,949.5,1.0
463,9/29/17,6495.959961,38.52999878,68.22000122,959.1099854,1.0
464,10/2/17,6516.720215,38.45249939,68.30599976,953.2700195,1.0
465,10/3/17,6531.709961,38.61999893,69.62799835,957.789978,1.0
466,10/4/17,6534.629883,38.36999893,71.0019989,951.6799927,1.0
467,10/5/17,6585.359863,38.84749985,71.06600189,969.960022,1.0
468,10/6/17,6590.180176,38.82500076,71.37599945,978.8900146,1.0
469,10/9/17,6579.72998,38.95999908,68.58799744,977.0,-1.0
470,10/10/17,6587.25,38.97499847,71.11799622,972.5999756,1.0
471,10/11/17,6603.549805,39.13750076,70.91999817,989.25,1.0
472,10/12/17,6591.509766,39.0,71.13600159,987.8300171,-1.0
473,10/13/17,6605.799805,39.24750137,71.11399841,989.6799927,1.0
474,10/16/17,6624.0,39.97000122,70.12000275,992.0,1.0
475,10/17/17,6623.660156,40.11750031,71.15000153,992.1799927,-1.0
476,10/18/17,6624.220215,39.93999863,71.93000031,992.8099976,1.0
477,10/19/17,6605.069824,38.99499893,70.36199951,984.4500122,-1.0
478,10/20/17,6629.049805,39.0625,69.01999664,988.2000122,1.0
479,10/23/17,6586.830078,39.04249954,67.40399933,968.4500122,-1.0
480,10/24/17,6598.430176,39.27500153,67.46800232,970.539978,1.0
481,10/25/17,6563.890137,39.10250092,65.16799927,973.3300171,-1.0
482,10/26/17,6556.77002,39.35250092,65.23400116,972.5599976,-1.0
483,10/27/17,6701.259766,40.76250076,64.1740036,1019.27002,1.0
484,10/30/17,6698.959961,41.68000031,64.01599884,1017.109985,-1.0
485,10/31/17,6727.669922,42.25999832,66.30599976,1016.640015,1.0
486,11/1/17,6716.529785,41.72249985,64.21600342,1025.5,-1.0
487,11/2/17,6714.939941,42.02750015,59.85200119,1025.579956,-1.0
488,11/3/17,6764.439941,43.125,61.2179985,1032.47998,1.0
489,11/6/17,6786.439941,43.5625,60.55599976,1025.900024,1.0
490,11/7/17,6767.779785,43.70249939,61.20999908,1033.329956,-1.0
491,11/8/17,6789.120117,44.06000137,60.87799835,1039.849976,1.0
492,11/9/17,6750.049805,43.97000122,60.59799957,1031.26001,-1.0
493,11/10/17,6750.939941,43.66749954,60.59799957,1028.069946,1.0
494,11/13/17,6757.600098,43.49250031,63.08000183,1025.75,1.0
495,11/14/17,6737.870117,42.83499908,61.74000168,1026.0,-1.0
496,11/15/17,6706.209961,42.27000046,62.25999832,1020.909973,-1.0
497,11/16/17,6793.290039,42.77500153,62.5,1032.5,1.0
498,11/17/17,6782.790039,42.53749847,63.00999832,1019.090027,-1.0
499,11/20/17,6790.709961,42.49499893,61.7480011,1018.380005,1.0
500,11/21/17,6862.47998,43.28499985,63.56200027,1034.48999,1.0
501,11/22/17,6867.359863,43.74000168,62.52000046,1035.959961,1.0
502,11/24/17,6889.160156,43.74250031,63.11000061,1040.609985,1.0
503,11/27/17,6878.52002,43.52249908,63.36199951,1054.209961,-1.0
504,11/28/17,6912.359863,43.26750183,63.50999832,1047.410034,1.0
505,11/29/17,6824.390137,42.36999893,61.50799942,1021.659973,-1.0
506,11/30/17,6873.970215,42.96250153,61.77000046,1021.409973,1.0
507,12/1/17,6847.589844,42.76250076,61.30599976,1010.169983,-1.0
508,12/4/17,6775.370117,42.45000076,61.04000092,998.6799927,-1.0
509,12/5/17,6762.209961,42.40999985,60.74000168,1005.150024,-1.0
510,12/6/17,6776.379883,42.25249863,62.65200043,1018.380005,1.0
511,12/7/17,6812.839844,42.33000183,62.2480011,1030.930054,1.0
512,12/8/17,6840.080078,42.34249878,63.02600098,1037.050049,1.0
513,12/11/17,6875.080078,43.16749954,65.78199768,1041.099976,1.0
514,12/12/17,6862.319824,42.92499924,68.20600128,1040.47998,-1.0
515,12/13/17,6875.799805,43.06750107,67.80599976,1040.609985,1.0
516,12/14/17,6856.529785,43.05500031,67.57800293,1049.150024,-1.0
517,12/15/17,6936.580078,43.49250031,68.69000244,1064.189941,1.0
518,12/18/17,6994.759766,44.10499954,67.77400208,1077.140015,1.0
519,12/19/17,6963.850098,43.63499832,66.22000122,1070.680054,-1.0
520,12/20/17,6960.959961,43.58750153,65.79599762,1064.949951,-1.0
521,12/21/17,6965.359863,43.75249863,66.33200073,1063.630005,1.0
522,12/22/17,6959.959961,43.75249863,65.04000092,1060.119995,-1.0
523,12/26/17,6936.25,42.64250183,63.45800018,1056.73999,-1.0
524,12/27/17,6939.339844,42.65000153,62.32799911,1049.369995,1.0
525,12/28/17,6950.160156,42.77000046,63.0719986,1048.140015,1.0
526,12/29/17,6903.390137,42.30749893,62.27000046,1046.400024,-1.0
527,1/2/18,7006.899902,43.06499863,64.10600281,1065.0,1.0
528,1/3/18,7065.529785,43.05749893,63.45000076,1082.47998,1.0
529,1/4/18,7077.910156,43.25749969,62.92399979,1086.400024,1.0
530,1/5/18,7136.560059,43.75,63.31600189,1102.22998,1.0
531,1/8/18,7157.390137,43.58750153,67.28199768,1106.939941,1.0
532,1/9/18,7163.580078,43.58250046,66.73799896,1106.26001,1.0
533,1/10/18,7153.569824,43.57249832,66.95999908,1102.609985,-1.0
534,1/11/18,7211.779785,43.81999969,67.58999634,1105.52002,1.0
535,1/12/18,7261.060059,44.27249908,67.2440033,1122.26001,1.0
536,1/16/18,7223.689941,44.04750061,68.01200104,1121.76001,-1.0
537,1/17/18,7298.279785,44.77500153,69.43199921,1131.97998,1.0
538,1/18/18,7296.049805,44.81499863,68.91400146,1129.790039,-1.0
539,1/19/18,7336.379883,44.61500168,70.0039978,1137.51001,1.0
540,1/22/18,7408.029785,44.25,70.31199646,1155.810059,1.0
541,1/23/18,7460.290039,44.25999832,70.55799866,1169.969971,1.0
542,1/24/18,7415.060059,43.55500031,69.1780014,1164.23999,-1.0
543,1/25/18,7411.160156,42.77750015,67.52799988,1170.369995,-1.0
544,1/26/18,7505.77002,42.87749863,68.56999969,1175.839966,1.0
545,1/29/18,7466.509766,41.99000168,69.90599823,1175.579956,-1.0
546,1/30/18,7402.47998,41.74250031,69.16400146,1163.689941,-1.0
547,1/31/18,7411.47998,41.85749817,70.86199951,1169.939941,1.0
548,2/1/18,7385.859863,41.94499969,69.84999847,1167.699951,-1.0
549,2/2/18,7240.950195,40.125,68.75,1111.900024,-1.0
550,2/5/18,6967.529785,39.12250137,66.62599945,1055.800049,-1.0
551,2/6/18,7115.879883,40.75749969,66.79399872,1080.599976,1.0
552,2/7/18,7051.97998,39.88499832,69.0,1048.579956,-1.0
553,2/8/18,6777.160156,38.78749847,63.04600143,1001.52002,-1.0
554,2/9/18,6874.490234,39.10250092,62.08399963,1037.780029,1.0
555,2/12/18,6981.959961,40.67750168,63.14599991,1051.939941,1.0
556,2/13/18,7013.509766,41.08499908,64.73200226,1052.099976,1.0
557,2/14/18,7143.620117,41.84249878,64.46199799,1069.699951,1.0
558,2/15/18,7256.430176,43.24750137,66.81400299,1089.52002,1.0
559,2/16/18,7239.470215,43.10749817,67.09799957,1094.800049,-1.0
560,2/20/18,7234.310059,42.96250153,66.95400238,1102.459961,-1.0
561,2/21/18,7218.22998,42.76750183,66.66000366,1111.339966,-1.0
562,2/22/18,7210.089844,43.125,69.23400116,1106.630005,-1.0
563,2/23/18,7337.390137,43.875,70.41000366,1126.790039,1.0
564,2/26/18,7421.459961,44.74250031,71.48400116,1143.75,1.0
565,2/27/18,7330.350098,44.59749985,70.19799805,1118.290039,-1.0
566,2/28/18,7273.009766,44.52999878,68.61199951,1104.72998,-1.0
567,3/1/18,7180.560059,43.75,66.18599701,1069.52002,-1.0
568,3/2/18,7257.870117,44.05250168,67.02400208,1078.920044,1.0
569,3/5/18,7330.709961,44.20500183,66.66999817,1090.930054,1.0
570,3/6/18,7372.009766,44.16749954,65.63999939,1095.060059,1.0
571,3/7/18,7396.649902,43.75749969,66.45999908,1109.640015,1.0
572,3/8/18,7427.950195,44.23500061,65.81999969,1126.0,1.0
573,3/9/18,7560.810059,44.99499893,65.43399811,1160.040039,1.0
574,3/12/18,7588.319824,45.43000031,69.10199738,1164.5,1.0
575,3/13/18,7511.009766,44.99250031,68.36799622,1138.170044,-1.0
576,3/14/18,7496.810059,44.61000061,65.3259964,1149.48999,-1.0
577,3/15/18,7481.740234,44.66249847,65.12000275,1149.579956,-1.0
578,3/16/18,7481.990234,44.50500107,64.26999664,1135.72998,1.0
579,3/19/18,7344.240234,43.82500076,62.7120018,1099.819946,-1.0
580,3/20/18,7364.299805,43.81000137,62.11000061,1097.709961,1.0
581,3/21/18,7345.290039,42.81750107,63.30599976,1090.880005,-1.0
582,3/22/18,7166.680176,42.21250153,61.81999969,1049.079956,-1.0
583,3/23/18,6992.669922,41.23500061,60.30799866,1021.570007,-1.0
584,3/26/18,7220.540039,43.19250107,60.83599854,1053.209961,1.0
585,3/27/18,7008.810059,42.08499908,55.83599854,1005.099976,-1.0
586,3/28/18,6949.22998,41.61999893,51.55599976,1004.559998,-1.0
587,3/29/18,7063.450195,41.94499969,53.22600174,1031.790039,1.0
588,4/2/18,6870.120117,41.66999817,50.49599838,1006.469971,-1.0
589,4/3/18,6941.279785,42.09749985,53.50600052,1013.409973,1.0
590,4/4/18,7042.109863,42.90250015,57.38800049,1025.140015,1.0
591,4/5/18,7076.549805,43.20000076,61.14400101,1027.810059,1.0
592,4/6/18,6915.109863,42.09500122,59.86000061,1007.039978,-1.0
593,4/9/18,6950.339844,42.51250076,57.93199921,1015.450012,1.0
594,4/10/18,7094.299805,43.3125,60.93999863,1031.640015,1.0
595,4/11/18,7069.029785,43.11000061,60.18600082,1019.969971,-1.0
596,4/12/18,7140.25,43.53499985,58.81600189,1032.51001,1.0
597,4/13/18,7106.649902,43.68249893,60.06800079,1029.27002,-1.0
598,4/16/18,7156.279785,43.95500183,58.24200058,1037.97998,1.0
599,4/17/18,7281.100098,44.56000137,57.5379982,1074.160034,1.0
600,4/18/18,7295.240234,44.45999908,58.66999817,1072.079956,1.0
601,4/19/18,7238.060059,43.20000076,60.01599884,1087.699951,-1.0
602,4/20/18,7146.129883,41.43000031,58.04800034,1072.959961,-1.0
603,4/23/18,7128.600098,41.31000137,56.67399979,1067.449951,-1.0
604,4/24/18,7007.350098,40.73500061,56.69200134,1019.97998,-1.0
605,4/25/18,7003.740234,40.91249847,56.13800049,1021.179993,-1.0
606,4/26/18,7118.680176,41.05500031,57.09600067,1040.040039,1.0
607,4/27/18,7119.799805,40.58000183,58.81600189,1030.050049,1.0
608,4/30/18,7066.27002,41.31499863,58.77999878,1017.330017,-1.0
609,5/1/18,7130.700195,42.27500153,59.98400116,1037.310059,1.0
610,5/2/18,7100.899902,44.14250183,60.22999954,1024.380005,-1.0
611,5/3/18,7088.149902,44.22249985,56.88999939,1023.719971,-1.0
612,5/4/18,7209.620117,45.95750046,58.81800079,1048.209961,1.0
613,5/7/18,7265.209961,46.29000092,60.55400085,1054.790039,1.0
614,5/8/18,7266.899902,46.51250076,60.39400101,1053.910034,1.0
615,5/9/18,7339.910156,46.84000015,61.36999893,1082.76001,1.0
616,5/10/18,7404.970215,47.50999832,61.00400162,1097.569946,1.0
617,5/11/18,7402.879883,47.14749908,60.2120018,1098.26001,-1.0
618,5/14/18,7411.319824,47.03749847,58.39400101,1100.199951,1.0
619,5/15/18,7351.629883,46.61000061,56.83599854,1079.22998,-1.0
620,5/16/18,7398.299805,47.04499817,57.29600143,1081.77002,1.0
621,5/17/18,7382.470215,46.74750137,56.90800095,1078.589966,-1.0
622,5/18/18,7354.339844,46.57749939,55.36399841,1066.359985,-1.0
623,5/21/18,7394.040039,46.90750122,56.89799881,1079.579956,1.0
624,5/22/18,7378.459961,46.79000092,55.0019989,1069.72998,-1.0
625,5/23/18,7425.959961,47.09000015,55.81399918,1079.689941,1.0
626,5/24/18,7424.430176,47.03749847,55.56999969,1079.23999,-1.0
627,5/25/18,7433.850098,47.14500046,55.77000046,1075.660034,1.0
628,5/29/18,7396.589844,46.97499847,56.7519989,1060.319946,-1.0
629,5/30/18,7462.450195,46.875,58.34400177,1067.800049,1.0
630,5/31/18,7442.120117,46.71749878,56.94599915,1084.98999,-1.0
631,6/1/18,7554.330078,47.56000137,58.36399841,1119.5,1.0
632,6/4/18,7606.459961,47.95750046,59.34799957,1139.290039,1.0
633,6/5/18,7637.859863,48.32749939,58.22600174,1139.660034,1.0
634,6/6/18,7689.240234,48.49499893,63.90000153,1136.880005,1.0
635,6/7/18,7635.069824,48.36500168,63.2179985,1123.859985,-1.0
636,6/8/18,7645.509766,47.92499924,63.5320015,1120.869995,1.0
637,6/11/18,7659.930176,47.80749893,66.41999817,1129.98999,1.0
638,6/12/18,7703.790039,48.06999969,68.55400085,1139.319946,1.0
639,6/13/18,7695.700195,47.67499924,68.95600128,1134.790039,-1.0
640,6/14/18,7761.040039,47.70000076,71.54399872,1152.119995,1.0
641,6/15/18,7746.379883,47.20999908,71.63400269,1152.26001,-1.0
642,6/18/18,7747.029785,47.18500137,74.16600037,1173.459961,1.0
643,6/19/18,7725.589844,46.42250061,70.51000214,1168.060059,-1.0
644,6/20/18,7781.509766,46.625,72.44400024,1169.839966,1.0
645,6/21/18,7712.950195,46.36500168,69.5019989,1157.660034,-1.0
646,6/22/18,7692.819824,46.22999954,66.72599792,1155.47998,-1.0
647,6/25/18,7532.009766,45.54249954,66.60199738,1124.810059,-1.0
648,6/26/18,7561.629883,46.10749817,68.40000153,1118.459961,1.0
649,6/27/18,7445.080078,46.04000092,68.90000153,1103.97998,-1.0
650,6/28/18,7503.680176,46.375,69.98600006,1114.219971,1.0
651,6/29/18,7510.299805,46.27750015,68.58999634,1115.650024,1.0
652,7/2/18,7567.689941,46.79499817,67.01399994,1127.459961,1.0
653,7/3/18,7502.669922,45.97999954,62.17200089,1102.890015,-1.0
654,7/5/18,7586.430176,46.34999847,61.83200073,1124.27002,1.0
655,7/6/18,7688.390137,46.99250031,61.77999878,1140.170044,1.0
656,7/9/18,7756.200195,47.64500046,63.70199966,1154.050049,1.0
657,7/10/18,7759.200195,47.58750153,64.4940033,1152.839966,1.0
658,7/11/18,7716.609863,46.97000122,63.79199982,1153.900024,-1.0
659,7/12/18,7823.919922,47.75749969,63.34199905,1183.47998,1.0
660,7/13/18,7825.97998,47.83250046,63.77399826,1188.819946,1.0
661,7/16/18,7805.720215,47.72750092,62.02000046,1183.859985,-1.0
662,7/17/18,7855.120117,47.86249924,64.53800201,1198.800049,1.0
663,7/18/18,7854.439941,47.59999847,64.76999664,1195.880005,-1.0
664,7/19/18,7825.299805,47.97000122,64.04599762,1186.959961,-1.0
665,7/20/18,7820.200195,47.86000061,62.7159996,1184.910034,-1.0
666,7/23/18,7841.870117,47.90250015,60.63999939,1205.5,1.0
667,7/24/18,7840.77002,48.25,59.48600006,1248.079956,-1.0
668,7/25/18,7932.240234,48.70500183,61.7480011,1263.699951,1.0
669,7/26/18,7852.180176,48.55250168,61.33000183,1268.329956,-1.0
670,7/27/18,7737.419922,47.74499893,59.43600082,1238.5,-1.0
671,7/30/18,7630.0,47.47750092,58.0340004,1219.73999,-1.0
672,7/31/18,7671.790039,47.57249832,59.62799835,1217.26001,1.0
673,8/1/18,7707.290039,50.375,60.16799927,1220.01001,1.0
674,8/2/18,7802.689941,51.84749985,69.90799713,1226.150024,1.0
675,8/3/18,7812.009766,51.99750137,69.63400269,1223.709961,1.0
676,8/6/18,7859.680176,52.26750183,68.39800262,1224.77002,1.0
677,8/7/18,7883.660156,51.77750015,75.91400146,1242.219971,1.0
678,8/8/18,7888.330078,51.8125,74.06800079,1245.609985,1.0
679,8/9/18,7891.779785,52.22000122,70.48999786,1249.099976,1.0
680,8/10/18,7839.109863,51.88249969,71.09799957,1237.609985,-1.0
681,8/13/18,7819.709961,52.21749878,71.28199768,1235.01001,-1.0
682,8/14/18,7870.890137,52.4375,69.52799988,1242.099976,1.0
683,8/15/18,7774.120117,52.56000137,67.73799896,1214.380005,-1.0
684,8/16/18,7806.52002,53.33000183,67.08999634,1206.48999,1.0
685,8/17/18,7816.330078,54.39500046,61.09999847,1200.959961,1.0
686,8/20/18,7821.009766,53.86500168,61.68799973,1207.77002,1.0
687,8/21/18,7859.169922,53.75999832,64.37999725,1201.619995,1.0
688,8/22/18,7889.100098,53.76250076,64.32800293,1207.329956,1.0
689,8/23/18,7878.459961,53.87250137,64.01999664,1205.380005,-1.0
690,8/24/18,7945.97998,54.04000092,64.56400299,1220.650024,1.0
691,8/27/18,8017.899902,54.48500061,63.85400009,1241.819946,1.0
692,8/28/18,8030.040039,54.92499924,62.37200165,1231.150024,1.0
693,8/29/18,8109.689941,55.74499893,61.0019989,1249.300049,1.0
694,8/30/18,8088.359863,56.25749969,60.63000107,1239.119995,-1.0
695,8/31/18,8109.540039,56.90750122,60.33200073,1218.189941,1.0
696,9/4/18,8091.25,57.09000015,57.79000092,1197.0,-1.0
697,9/5/18,7995.169922,56.71749878,56.14799881,1186.47998,-1.0
698,9/6/18,7922.72998,55.77500153,56.18999863,1171.439941,-1.0
699,9/7/18,7902.540039,55.32500076,52.64799881,1164.829956,-1.0
700,9/10/18,7924.160156,54.58250046,57.09999847,1164.640015,1.0
701,9/11/18,7972.470215,55.96250153,55.88800049,1177.359985,1.0
702,9/12/18,7954.22998,55.26750183,58.10800171,1162.819946,-1.0
703,9/13/18,8013.709961,56.60250092,57.89199829,1175.329956,1.0
704,9/14/18,8010.040039,55.95999908,59.04000092,1172.530029,-1.0
705,9/17/18,7895.790039,54.47000122,58.9679985,1156.050049,-1.0
706,9/18/18,7956.109863,54.56000137,56.99200058,1161.219971,1.0
707,9/19/18,7950.040039,54.59249878,59.80400085,1171.089966,-1.0
708,9/20/18,8028.22998,55.00749969,59.66600037,1186.869995,1.0
709,9/21/18,7986.959961,54.41500092,59.81999969,1166.089966,-1.0
710,9/24/18,7993.25,55.19749832,59.93600082,1173.369995,1.0
711,9/25/18,8007.470215,55.54750061,60.19800186,1184.650024,1.0
712,9/26/18,7990.370117,55.10499954,61.91600037,1180.48999,-1.0
713,9/27/18,8041.970215,56.23749924,61.50400162,1194.640015,1.0
714,9/28/18,8046.350098,56.43500137,52.95399857,1193.469971,1.0
715,10/1/18,8037.299805,56.81499863,62.13999939,1195.310059,-1.0
716,10/2/18,7999.549805,57.31999969,60.20399857,1200.109985,-1.0
717,10/3/18,8025.089844,58.01750183,58.95999908,1202.949951,1.0
718,10/4/18,7879.509766,56.99750137,56.36600113,1168.189941,-1.0
719,10/5/18,7788.450195,56.07249832,52.38999939,1157.349976,-1.0
720,10/8/18,7735.950195,55.94250107,50.11199951,1148.969971,-1.0
721,10/9/18,7738.02002,56.71749878,52.56000137,1138.819946,1.0
722,10/10/18,7422.049805,54.09000015,51.37599945,1081.219971,-1.0
723,10/11/18,7329.060059,53.61249924,50.44599915,1079.319946,-1.0
724,10/12/18,7496.890137,55.52750015,51.75600052,1110.079956,1.0
725,10/15/18,7430.740234,54.34000015,51.91799927,1092.25,-1.0
726,10/16/18,7645.490234,55.53749847,55.31800079,1121.280029,1.0
727,10/17/18,7642.700195,55.29750061,54.35599899,1115.689941,-1.0
728,10/18/18,7485.140137,54.00500107,52.7820015,1087.969971,-1.0
729,10/19/18,7449.029785,54.82749939,52.0,1096.459961,-1.0
730,10/22/18,7468.629883,55.16249847,52.18999863,1101.160034,1.0
731,10/23/18,7437.540039,55.68249893,58.82799911,1103.689941,-1.0
732,10/24/18,7108.399902,53.77249908,57.70000076,1050.709961,-1.0
733,10/25/18,7318.339844,54.95000076,62.97200012,1095.569946,1.0
734,10/26/18,7167.209961,54.07500076,66.18000031,1071.469971,-1.0
735,10/29/18,7050.290039,53.06000137,66.97000122,1020.080017,-1.0
736,10/30/18,7161.649902,53.32500076,65.98000336,1036.209961,1.0
737,10/31/18,7305.899902,54.71500015,67.46399689,1076.77002,1.0
738,11/1/18,7434.060059,55.55500031,68.85600281,1070.0,1.0
739,11/2/18,7356.990234,51.86999893,69.28199768,1057.790039,-1.0
740,11/5/18,7328.850098,50.39749908,68.27999878,1040.089966,-1.0
741,11/6/18,7375.959961,50.94250107,68.21199799,1055.810059,1.0
742,11/7/18,7570.75,52.48749924,69.63200378,1093.390015,1.0
743,11/8/18,7530.879883,52.12250137,70.27999878,1082.400024,-1.0
744,11/9/18,7406.899902,51.11750031,70.10199738,1066.150024,-1.0
745,11/12/18,7200.870117,48.54249954,66.2559967,1038.630005,-1.0
746,11/13/18,7200.870117,48.05749893,67.7460022,1036.050049,0.0
747,11/14/18,7136.390137,46.70000076,68.80000305,1043.660034,-1.0
748,11/15/18,7259.029785,47.85250092,69.68800354,1064.709961,1.0
749,11/16/18,7247.870117,48.38249969,70.86199951,1061.48999,-1.0
750,11/19/18,7028.47998,46.46500015,70.69400024,1020.0,-1.0
751,11/20/18,6908.819824,44.24499893,69.4980011,1025.76001,-1.0
752,11/21/18,6972.25,44.19499969,67.63800049,1037.609985,1.0
753,11/23/18,6938.97998,43.07249832,65.16600037,1023.880005,-1.0
754,11/26/18,7081.850098,43.65499878,69.19999695,1048.619995,1.0
755,11/27/18,7082.700195,43.56000137,68.78399658,1044.410034,1.0
756,11/28/18,7291.589844,45.23500061,69.5739975,1086.22998,1.0
757,11/29/18,7273.080078,44.88750076,68.23400116,1088.300049,-1.0
758,11/30/18,7330.540039,44.64500046,70.09600067,1094.430054,1.0
759,12/3/18,7441.509766,46.20500183,71.69799805,1106.430054,1.0
760,12/4/18,7158.430176,44.17250061,71.94000244,1050.819946,-1.0
761,12/6/18,7188.259766,43.68000031,72.61199951,1068.72998,1.0
762,12/7/18,6969.25,42.12250137,71.59400177,1036.579956,-1.0
763,12/10/18,7020.52002,42.40000153,73.02999878,1039.550049,1.0
764,12/11/18,7031.830078,42.15750122,73.35199738,1051.75,1.0
765,12/12/18,7098.310059,42.27500153,73.31999969,1063.680054,1.0
766,12/13/18,7070.330078,42.73749924,75.35800171,1061.900024,-1.0
767,12/14/18,6910.660156,41.36999893,73.14199829,1042.099976,-1.0
768,12/17/18,6753.72998,40.98500061,69.68399811,1016.530029,-1.0
769,12/18/18,6783.910156,41.51750183,67.40599823,1028.709961,1.0
770,12/19/18,6636.830078,40.22249985,66.59400177,1023.01001,-1.0
771,12/20/18,6528.410156,39.20750046,63.07600021,1009.409973,-1.0
772,12/21/18,6332.990234,37.68249893,63.95399857,979.539978,-1.0
773,12/24/18,6192.919922,36.70750046,59.07799911,976.2199707,-1.0
774,12/26/18,6554.359863,39.29249954,65.21800232,1039.459961,1.0
775,12/27/18,6579.490234,39.03749847,63.22600174,1043.880005,1.0
776,12/28/18,6584.52002,39.05749893,66.77400208,1037.079956,1.0
777,12/31/18,6635.279785,39.43500137,66.55999756,1035.609985,1.0
778,1/2/19,6665.939941,39.47999954,62.02399826,1045.849976,1.0
779,1/3/19,6463.5,35.54750061,60.0719986,1016.059998,-1.0
780,1/4/19,6738.859863,37.06499863,63.5379982,1070.709961,1.0
781,1/7/19,6823.470215,36.98249817,66.99199677,1068.390015,1.0
782,1/8/19,6897.0,37.6875,67.06999969,1076.280029,1.0
783,1/9/19,6957.080078,38.32749939,67.70600128,1074.660034,1.0
784,1/10/19,6986.069824,38.45000076,68.9940033,1070.329956,1.0
785,1/11/19,6971.47998,38.07249832,69.45200348,1057.189941,-1.0
786,1/14/19,6905.919922,37.5,66.87999725,1044.689941,-1.0
787,1/15/19,7023.830078,38.26750183,68.88600159,1077.150024,1.0
788,1/16/19,7034.689941,38.73500061,69.20999908,1080.969971,1.0
789,1/17/19,7084.459961,38.96500015,69.46199799,1089.900024,1.0
790,1/18/19,7157.22998,39.20500183,60.45199966,1098.26001,1.0
791,1/22/19,7020.359863,38.32500076,59.7840004,1070.52002,-1.0
792,1/23/19,7025.77002,38.47999954,57.51800156,1075.569946,1.0
793,1/24/19,7073.459961,38.17499924,58.30199814,1073.900024,1.0
794,1/25/19,7164.859863,39.43999863,59.40800095,1090.98999,1.0
795,1/28/19,7085.680176,39.07500076,59.27600098,1070.079956,-1.0
796,1/29/19,7028.290039,38.66999817,59.49200058,1060.619995,-1.0
797,1/30/19,7183.080078,41.3125,61.75400162,1089.060059,1.0
798,1/31/19,7281.740234,41.61000061,61.40399933,1116.369995,1.0
799,2/1/19,7263.870117,41.63000107,62.44200134,1110.75,-1.0
800,2/4/19,7347.540039,42.8125,62.57799911,1132.800049,1.0
801,2/5/19,7402.080078,43.54499817,64.26999664,1145.98999,1.0
802,2/6/19,7375.279785,43.56000137,63.44400024,1115.22998,-1.0
803,2/7/19,7288.350098,42.73500061,61.5019989,1098.709961,-1.0
804,2/8/19,7298.200195,42.60250092,61.15999985,1095.060059,1.0
805,2/11/19,7307.899902,42.35749817,62.56800079,1095.01001,1.0
806,2/12/19,7414.620117,42.72249985,62.36199951,1121.369995,1.0
807,2/13/19,7420.379883,42.54499817,61.63399887,1120.160034,1.0
808,2/14/19,7426.950195,42.70000076,60.75400162,1121.670044,1.0
809,2/15/19,7472.410156,42.60499954,61.57600021,1113.650024,1.0
810,2/19/19,7486.77002,42.73249817,61.12799835,1118.560059,1.0
811,2/20/19,7489.069824,43.00749969,60.51200104,1113.800049,1.0
812,2/21/19,7459.709961,42.76499939,58.24599838,1096.969971,-1.0
813,2/22/19,7527.540039,43.24250031,58.94200134,1110.369995,1.0
814,2/25/19,7554.459961,43.55749893,59.75400162,1109.400024,1.0
815,2/26/19,7549.299805,43.58250046,59.5719986,1115.130005,-1.0
816,2/27/19,7554.509766,43.71749878,62.94800186,1116.050049,1.0
817,2/28/19,7532.529785,43.28749847,63.97600174,1119.920044,-1.0
818,3/1/19,7595.350098,43.74250031,58.95800018,1140.98999,1.0
819,3/4/19,7577.569824,43.96250153,57.0719986,1147.800049,-1.0
820,3/5/19,7576.359863,43.88249969,55.30799866,1162.030029,-1.0
821,3/6/19,7505.919922,43.63000107,55.2480011,1157.859985,-1.0
822,3/7/19,7421.459961,43.125,55.31800079,1143.300049,-1.0
823,3/8/19,7408.140137,43.22750092,56.82799911,1142.319946,-1.0
824,3/11/19,7558.060059,44.72499847,58.18399811,1175.76001,1.0
825,3/12/19,7591.029785,45.22750092,56.67200089,1193.199951,1.0
826,3/13/19,7643.410156,45.42750168,57.79199982,1193.319946,1.0
827,3/14/19,7630.910156,45.93249893,57.99200058,1185.550049,-1.0
828,3/15/19,7688.529785,46.52999878,55.08599854,1184.459961,1.0
829,3/18/19,7714.47998,47.00500107,53.89799881,1184.26001,1.0
830,3/19/19,7723.950195,46.63249969,53.49399948,1198.849976,1.0
831,3/20/19,7728.970215,47.04000092,54.72000122,1223.969971,1.0
832,3/21/19,7838.959961,48.77249908,54.80400085,1231.540039,1.0
833,3/22/19,7642.669922,47.76250076,52.90599823,1205.5,-1.0
834,3/25/19,7637.540039,47.18500137,52.08399963,1193.0,-1.0
835,3/26/19,7691.52002,46.69749832,53.55400085,1184.619995,1.0
836,3/27/19,7643.379883,47.11750031,54.9659996,1173.02002,-1.0
837,3/28/19,7669.169922,47.18000031,55.72399902,1168.48999,1.0
838,3/29/19,7729.319824,47.48749924,55.97200012,1173.310059,1.0
839,4/1/19,7828.910156,47.81000137,57.83599854,1194.430054,1.0
840,4/2/19,7848.689941,48.50500107,57.17599869,1200.48999,1.0
841,4/3/19,7895.549805,48.83750153,58.36199951,1205.920044,1.0
842,4/4/19,7891.779785,48.92250061,53.55599976,1215.0,-1.0
843,4/5/19,7938.689941,49.25,54.99200058,1207.150024,1.0
844,4/8/19,7953.879883,50.02500153,54.63999939,1203.839966,1.0
845,4/9/19,7909.279785,49.875,54.4620018,1197.25,-1.0
846,4/10/19,7964.240234,50.15499878,55.2120018,1202.160034,1.0
847,4/11/19,7947.359863,49.73749924,53.68399811,1204.619995,-1.0
848,4/12/19,7984.160156,49.71749878,53.54000092,1217.869995,1.0
849,4/15/19,7976.009766,49.80749893,53.27600098,1221.099976,-1.0
850,4/16/19,8000.22998,49.8125,54.67200089,1227.130005,1.0
851,4/17/19,7996.080078,50.78250122,54.24599838,1236.339966,-1.0
852,4/18/19,7998.060059,50.96500015,54.65200043,1236.369995,1.0
853,4/22/19,8015.27002,51.13249969,52.54999924,1248.839966,1.0
854,4/23/19,8120.819824,51.86999893,52.77999878,1264.550049,1.0
855,4/24/19,8102.009766,51.79000092,51.73199844,1256.0,-1.0
856,4/25/19,8118.680176,51.31999969,49.52600098,1263.449951,1.0
857,4/26/19,8146.399902,51.07500076,47.02799988,1272.180054,1.0
858,4/29/19,8161.850098,51.15250015,48.29399872,1287.579956,1.0
859,4/30/19,8095.390137,50.16749954,47.73799896,1188.47998,-1.0
860,5/1/19,8049.640137,52.63000107,46.80199814,1168.079956,-1.0
861,5/2/19,8036.77002,52.28749847,48.81999969,1162.609985,-1.0
862,5/3/19,8164.0,52.9375,51.00600052,1185.400024,1.0
863,5/6/19,8123.290039,52.11999893,51.06800079,1189.390015,-1.0
864,5/7/19,7963.759766,50.71500015,49.41199875,1174.099976,-1.0
865,5/8/19,7943.319824,50.72499847,48.9679985,1166.27002,-1.0
866,5/9/19,7910.589844,50.18000031,48.39599991,1162.380005,-1.0
867,5/10/19,7916.939941,49.29499817,47.90399933,1164.27002,1.0
868,5/13/19,7647.02002,46.43000031,45.40200043,1132.030029,-1.0
869,5/14/19,7734.490234,47.16500092,46.4620018,1120.439941,1.0
870,5/15/19,7822.149902,47.72999954,46.38999939,1164.209961,1.0
871,5/16/19,7898.049805,47.52000046,45.66600037,1178.97998,1.0
872,5/17/19,7816.279785,47.25,42.20600128,1162.300049,-1.0
873,5/20/19,7702.379883,45.77249908,41.0719986,1138.849976,-1.0
874,5/21/19,7785.720215,46.65000153,41.01599884,1149.630005,1.0
875,5/22/19,7750.839844,45.69499969,38.54600143,1151.420044,-1.0
876,5/23/19,7628.279785,44.91500092,39.09799957,1140.77002,-1.0
877,5/24/19,7637.009766,44.74250031,38.12599945,1133.469971,1.0
878,5/28/19,7607.350098,44.55749893,37.74000168,1134.150024,-1.0
879,5/29/19,7547.310059,44.34500122,37.97200012,1116.459961,-1.0
880,5/30/19,7567.720215,44.57500076,37.64400101,1117.949951,1.0
881,5/31/19,7453.149902,43.76750183,37.0320015,1103.630005,-1.0
882,6/3/19,7333.02002,43.32500076,35.79399872,1036.22998,-1.0
883,6/4/19,7527.120117,44.90999985,38.72000122,1053.050049,1.0
884,6/5/19,7575.47998,45.63499832,39.31800079,1042.219971,1.0
885,6/6/19,7615.549805,46.30500031,41.18999863,1044.339966,1.0
886,6/7/19,7742.100098,47.53749847,40.90000153,1066.040039,1.0
887,6/10/19,7823.169922,48.14500046,42.57600021,1080.380005,1.0
888,6/11/19,7822.569824,48.70249939,43.41999817,1078.719971,-1.0
889,6/12/19,7792.720215,48.54750061,41.85200119,1077.030029,-1.0
890,6/13/19,7837.129883,48.53749847,42.7820015,1088.77002,1.0
891,6/14/19,7796.660156,48.18500137,42.98400116,1085.349976,-1.0
892,6/17/19,7845.02002,48.47249985,45.00600052,1092.5,1.0
893,6/18/19,7953.879883,49.61249924,44.94800186,1103.599976,1.0
894,6/19/19,7987.319824,49.46749878,45.2859993,1102.329956,1.0
895,6/20/19,8051.339844,49.86500168,43.92399979,1111.420044,1.0
896,6/21/19,8031.709961,49.69499969,44.37200165,1121.880005,-1.0
897,6/24/19,8005.700195,49.64500046,44.72800064,1115.52002,-1.0
898,6/25/19,7884.720215,48.89250183,43.95199966,1086.349976,-1.0
899,6/26/19,7909.970215,49.95000076,43.85400009,1079.800049,1.0
900,6/27/19,7967.759766,49.93500137,44.56800079,1076.01001,1.0
901,6/28/19,8006.240234,49.47999954,44.69200134,1080.910034,1.0
902,7/1/19,8091.160156,50.38750076,45.43399811,1097.949951,1.0
903,7/2/19,8109.089844,50.68249893,44.90999985,1111.25,1.0
904,7/3/19,8170.22998,51.10250092,46.97999954,1121.579956,1.0
905,7/5/19,8161.790039,51.05749893,46.61999893,1131.589966,-1.0
906,7/8/19,8098.379883,50.00500107,46.06800079,1116.349976,-1.0
907,7/9/19,8141.72998,50.31000137,46.01200104,1124.829956,1.0
908,7/10/19,8202.530273,50.80749893,47.7840004,1140.47998,1.0
909,7/11/19,8196.040039,50.4375,47.72000122,1144.209961,-1.0
910,7/12/19,8244.139648,50.82500076,49.01599884,1144.900024,1.0
911,7/15/19,8258.19043,51.30250168,50.70000076,1150.339966,1.0
912,7/16/19,8222.799805,51.125,50.47600174,1153.579956,-1.0
913,7/17/19,8185.209961,50.83750153,50.97200012,1146.349976,-1.0
914,7/18/19,8207.240234,51.41500092,50.70800018,1146.329956,1.0
915,7/19/19,8146.490234,50.64749908,51.63600159,1130.099976,-1.0
916,7/22/19,8204.139648,51.80500031,51.13600159,1138.069946,1.0
917,7/23/19,8251.400391,52.20999908,52.0340004,1146.209961,1.0
918,7/24/19,8321.5,52.16749954,52.97600174,1137.810059,1.0
919,7/25/19,8238.540039,51.75500107,45.76399994,1132.119995,-1.0
920,7/26/19,8330.209961,51.93500137,45.60800171,1250.410034,1.0
921,7/29/19,8293.330078,52.41999817,47.15399933,1239.410034,-1.0
922,7/30/19,8273.610352,52.19499969,48.45199966,1225.140015,-1.0
923,7/31/19,8175.419922,53.25999832,48.3219986,1216.680054,-1.0
924,8/1/19,8111.120117,52.10749817,46.77000046,1209.01001,-1.0
925,8/2/19,8004.069824,51.00500107,46.86800003,1193.98999,-1.0
926,8/5/19,7726.040039,48.33499908,45.66400146,1152.319946,-1.0
927,8/6/19,7833.27002,49.25,46.15000153,1169.949951,1.0
928,8/7/19,7862.830078,49.75999832,46.68399811,1173.98999,1.0
929,8/8/19,8039.160156,50.85749817,47.65999985,1204.800049,1.0
930,8/9/19,7959.140137,50.24750137,47.0019989,1188.01001,-1.0
931,8/12/19,7863.410156,50.11999893,45.80199814,1174.709961,-1.0
932,8/13/19,8016.359863,52.24250031,47.0,1197.27002,1.0
933,8/14/19,7773.939941,50.6875,43.92399979,1164.290039,-1.0
934,8/15/19,7766.620117,50.43500137,43.12799835,1167.26001,-1.0
935,8/16/19,7895.990234,51.625,43.98799896,1177.599976,1.0
936,8/19/19,8002.810059,52.58750153,45.36600113,1198.449951,1.0
937,8/20/19,7948.560059,52.59000015,45.17200089,1182.689941,-1.0
938,8/21/19,8020.209961,53.15999985,44.16600037,1191.25,1.0
939,8/22/19,7991.390137,53.11500168,44.43000031,1189.530029,-1.0
940,8/23/19,7751.77002,50.65999985,42.27999878,1151.290039,-1.0
941,8/26/19,7853.740234,51.62250137,43.0,1168.890015,1.0
942,8/27/19,7826.950195,51.04000092,42.81600189,1167.839966,-1.0
943,8/28/19,7856.879883,51.38249969,43.11800003,1171.02002,1.0
944,8/29/19,7973.390137,52.25249863,44.34199905,1192.849976,1.0
945,8/30/19,7962.879883,52.18500137,45.12200165,1188.099976,-1.0
946,9/3/19,7874.160156,51.42499924,45.0019989,1168.390015,-1.0
947,9/4/19,7976.879883,52.29750061,44.13600159,1181.410034,1.0
948,9/5/19,8116.830078,53.31999969,45.91600037,1211.380005,1.0
949,9/6/19,8103.069824,53.31499863,45.49000168,1204.930054,-1.0
950,9/9/19,8087.439941,53.54249954,46.35800171,1204.410034,-1.0
951,9/10/19,8084.160156,54.17499924,47.10800171,1206.0,-1.0
952,9/11/19,8169.680176,55.89749908,49.41999817,1220.170044,1.0
953,9/12/19,8194.469727,55.77249908,49.17399979,1234.25,1.0
954,9/13/19,8176.709961,54.6875,49.04000092,1239.560059,-1.0
955,9/16/19,8153.540039,54.97499847,48.56200027,1231.300049,-1.0
956,9/17/19,8186.02002,55.17499924,48.95800018,1229.150024,1.0
957,9/18/19,8177.390137,55.69250107,48.69800186,1232.410034,-1.0
958,9/19/19,8182.879883,55.24000168,49.31999969,1238.709961,1.0
959,9/20/19,8117.669922,54.43249893,48.12400055,1229.930054,-1.0
960,9/23/19,8112.459961,54.68000031,48.24599838,1234.030029,-1.0
961,9/24/19,7993.629883,54.41999817,44.64199829,1218.76001,-1.0
962,9/25/19,8077.379883,55.25749969,45.74000168,1246.52002,1.0
963,9/26/19,8030.660156,54.97249985,48.51200104,1241.390015,-1.0
964,9/27/19,7939.629883,54.70500183,48.42599869,1225.089966,-1.0
965,9/30/19,7999.339844,55.99250031,48.17399979,1219.0,1.0
966,10/1/19,7908.680176,56.14749908,48.93799973,1205.099976,-1.0
967,10/2/19,7785.25,54.74000168,48.62599945,1176.630005,-1.0
968,10/3/19,7872.259766,55.20500183,46.60599899,1187.829956,1.0
969,10/4/19,7982.470215,56.75249863,46.2859993,1209.0,1.0
970,10/7/19,7956.290039,56.76499939,47.54399872,1207.680054,-1.0
971,10/8/19,7823.779785,56.09999847,48.00999832,1189.130005,-1.0
972,10/9/19,7903.740234,56.75749969,48.90599823,1202.310059,1.0
973,10/10/19,7950.779785,57.52249908,48.94800186,1208.670044,1.0
974,10/11/19,8057.040039,59.05250168,49.57799911,1215.449951,1.0
975,10/14/19,8048.649902,58.96749878,51.39199829,1217.140015,-1.0
976,10/15/19,8148.709961,58.83000183,51.57799911,1243.01001,1.0
977,10/16/19,8124.180176,58.59249878,51.95000076,1243.640015,-1.0
978,10/17/19,8156.850098,58.81999969,52.39400101,1253.069946,1.0
979,10/18/19,8089.540039,59.10250092,51.38999939,1245.48999,-1.0
980,10/21/19,8162.990234,60.12749863,50.70000076,1246.150024,1.0
981,10/22/19,8104.299805,59.99000168,51.11600113,1242.800049,-1.0
982,10/23/19,8119.790039,60.79499817,50.93600082,1259.130005,1.0
983,10/24/19,8185.799805,60.89500046,59.93600082,1260.98999,1.0
984,10/25/19,8243.120117,61.64500046,65.62599945,1265.130005,1.0
985,10/28/19,8325.990234,62.26250076,65.54199982,1290.0,1.0
986,10/29/19,8276.849609,60.82249832,63.24399948,1262.619995,-1.0
987,10/30/19,8303.980469,60.81499863,63.0019989,1261.290039,1.0
988,10/31/19,8292.360352,62.18999863,62.98400116,1260.109985,-1.0
989,11/1/19,8386.400391,63.95500183,62.66199875,1273.73999,1.0
990,11/4/19,8433.200195,64.375,63.49399948,1291.369995,1.0
991,11/5/19,8434.679688,64.28250122,63.44400024,1292.030029,1.0
992,11/6/19,8410.629883,64.30999756,65.31600189,1291.800049,-1.0
993,11/7/19,8434.519531,64.85749817,67.10800171,1308.859985,1.0
994,11/8/19,8475.30957,65.03500366,67.4280014,1311.369995,1.0
995,11/11/19,8464.280273,65.55000305,69.01799774,1299.189941,-1.0
996,11/12/19,8486.089844,65.48999786,69.98600006,1298.800049,1.0
997,11/13/19,8482.099609,66.11750031,69.22200012,1298.0,-1.0
998,11/14/19,8479.019531,65.66000366,69.87000275,1311.459961,-1.0
999,11/15/19,8540.830078,66.44000244,70.43399811,1334.869995,1.0
1000,11/18/19,8549.94043,66.77500153,69.9980011,1320.699951,1.0
1001,11/19/19,8570.660156,66.57250214,71.90399933,1315.459961,1.0
1002,11/20/19,8526.730469,65.79750061,70.44400024,1303.050049,-1.0
1003,11/21/19,8506.209961,65.50250244,70.96600342,1301.349976,-1.0
1004,11/22/19,8519.879883,65.44499969,66.60800171,1295.339966,1.0
1005,11/25/19,8632.490234,66.59249878,67.26799774,1306.689941,1.0
1006,11/26/19,8647.929688,66.07250214,65.78399658,1313.550049,1.0
1007,11/27/19,8705.179688,66.95999908,66.25800323,1312.98999,1.0
1008,11/29/19,8665.469727,66.8125,65.98799896,1304.959961,-1.0
1009,12/2/19,8567.990234,66.04000092,66.97399902,1289.920044,-1.0
1010,12/3/19,8520.639648,64.86250305,67.23999786,1295.280029,-1.0
1011,12/4/19,8566.669922,65.43499756,66.60600281,1320.540039,1.0
1012,12/5/19,8570.700195,66.39499664,66.0739975,1328.130005,1.0
1013,12/6/19,8656.530273,67.67749786,67.1780014,1340.619995,1.0
1014,12/9/19,8621.830078,66.73000336,67.90599823,1343.560059,-1.0
1015,12/10/19,8616.179688,67.12000275,69.76799774,1344.660034,-1.0
1016,12/11/19,8654.049805,67.69249725,70.54000092,1345.02002,1.0
1017,12/12/19,8717.320313,67.86499786,71.93599701,1350.27002,1.0
1018,12/13/19,8734.879883,68.78749847,71.6780014,1347.829956,1.0
1019,12/16/19,8814.230469,69.96499634,76.30000305,1361.170044,1.0
1020,12/17/19,8823.360352,70.10250092,75.79799652,1355.119995,1.0
1021,12/18/19,8827.740234,69.93499756,78.62999725,1352.619995,1.0
1022,12/19/19,8887.219727,70.00499725,80.80799866,1356.040039,1.0
1023,12/20/19,8924.959961,69.86000061,81.11799622,1349.589966,1.0
1024,12/23/19,8945.650391,71.0,83.84400177,1348.839966,1.0
1025,12/24/19,8952.879883,71.06749725,85.05000305,1343.560059,1.0
1026,12/26/19,9022.389648,72.47750092,86.18800354,1360.400024,1.0
1027,12/27/19,9006.620117,72.44999695,86.0759964,1351.890015,-1.0
1028,12/30/19,8945.990234,72.87999725,82.94000244,1336.140015,-1.0
1029,12/31/19,8972.599609,73.41249847,83.66600037,1337.02002,1.0
1030,1/2/20,9092.19043,75.08750153,86.05200195,1367.369995,1.0
1031,1/3/20,9020.769531,74.35749817,88.60199738,1360.660034,-1.0
1032,1/6/20,9071.469727,74.94999695,90.30799866,1394.209961,1.0
1033,1/7/20,9068.580078,74.59750366,93.81199646,1393.339966,-1.0
1034,1/8/20,9129.240234,75.79750061,98.4280014,1404.319946,1.0
1035,1/9/20,9203.429688,77.40750122,96.26799774,1419.829956,1.0
1036,1/10/20,9178.860352,77.58249664,95.62999725,1429.72998,-1.0
1037,1/13/20,9273.929688,79.23999786,104.9720001,1439.22998,1.0
1038,1/14/20,9251.330078,78.16999817,107.5839996,1430.880005,-1.0
1039,1/15/20,9258.700195,77.83499908,103.6999969,1439.199951,1.0
1040,1/16/20,9357.129883,78.80999756,102.697998,1451.699951,1.0
1041,1/17/20,9388.94043,79.68250275,102.0999985,1480.390015,1.0
1042,1/21/20,9370.80957,79.14250183,109.4400024,1484.400024,-1.0
1043,1/22/20,9383.769531,79.42500305,113.9120026,1485.949951,1.0
1044,1/23/20,9402.480469,79.80750275,114.4400024,1486.650024,1.0
1045,1/24/20,9314.910156,79.57749939,112.9639969,1466.709961,-1.0
1046,1/27/20,9139.30957,77.23750305,111.6039963,1433.900024,-1.0
1047,1/28/20,9269.679688,79.42250061,113.3799973,1452.560059,1.0
1048,1/29/20,9275.160156,81.08499908,116.197998,1458.630005,1.0
1049,1/30/20,9298.929688,80.96749878,128.1620026,1455.839966,1.0
1050,1/31/20,9150.94043,77.37750244,130.1139984,1434.22998,-1.0
1051,2/3/20,9273.400391,77.16500092,156.0,1485.939941,1.0
1052,2/4/20,9467.969727,79.71250153,177.4120026,1447.069946,1.0
1053,2/5/20,9508.679688,80.36250305,146.9400024,1448.22998,1.0
1054,2/6/20,9572.150391,81.30249786,149.7920074,1476.22998,1.0
1055,2/7/20,9520.509766,80.00749969,149.6139984,1479.22998,-1.0
1056,2/10/20,9628.389648,80.38749695,154.2559967,1508.680054,1.0
1057,2/11/20,9638.94043,79.90249634,154.8760071,1508.790039,1.0
1058,2/12/20,9725.959961,81.80000305,153.4579926,1518.27002,1.0
1059,2/13/20,9711.969727,81.21749878,160.8000031,1514.660034,-1.0
1060,2/14/20,9731.179688,81.23750305,160.0059967,1520.73999,1.0
1061,2/18/20,9732.740234,79.75,171.6799927,1519.670044,1.0
1062,2/19/20,9817.179688,80.90499878,183.4839935,1526.689941,1.0
1063,2/20/20,9750.969727,80.07499695,179.8820038,1518.150024,-1.0
1064,2/21/20,9576.589844,78.26249695,180.1999969,1485.109985,-1.0
1065,2/24/20,9221.280273,74.54499817,166.7579956,1421.589966,-1.0
1066,2/25/20,8965.610352,72.01999664,159.9819946,1388.449951,-1.0
1067,2/26/20,8980.780273,73.16249847,155.7599945,1393.180054,1.0
1068,2/27/20,8566.480469,68.37999725,135.8000031,1318.089966,-1.0
1069,2/28/20,8567.370117,68.33999634,133.5980072,1339.329956,1.0
1070,3/2/20,8952.169922,74.70249939,148.723999,1389.109985,1.0
1071,3/3/20,8684.089844,72.33000183,149.102005,1341.390015,-1.0
1072,3/4/20,9018.089844,75.68499756,149.8999939,1386.52002,1.0
1073,3/5/20,8738.589844,73.23000336,144.9080048,1319.040039,-1.0
1074,3/6/20,8575.620117,72.25749969,140.6959991,1298.410034,-1.0
1075,3/9/20,7950.680176,66.54250336,121.5999985,1215.560059,-1.0
1076,3/10/20,8344.25,71.33499908,129.0659943,1280.390015,1.0
1077,3/11/20,7952.049805,68.85749817,126.8460007,1215.410034,-1.0
1078,3/12/20,7201.799805,62.05749893,112.1100006,1114.910034,-1.0
1079,3/13/20,7874.879883,69.49250031,109.3239975,1219.72998,1.0
1080,3/16/20,6904.589844,60.55250168,89.01399994,1084.329956,-1.0
1081,3/17/20,7334.779785,63.21500015,86.04000092,1119.800049,1.0
1082,3/18/20,6989.839844,61.66749954,72.2440033,1096.800049,-1.0
1083,3/19/20,7150.580078,61.19499969,85.52799988,1115.290039,1.0
1084,3/20/20,6879.52002,57.31000137,85.5059967,1072.319946,-1.0
1085,3/23/20,6860.669922,56.09249878,86.85800171,1056.619995,-1.0
1086,3/24/20,7417.859863,61.72000122,101.0,1134.459961,1.0
1087,3/25/20,7384.299805,61.38000107,107.8499985,1102.48999,-1.0
1088,3/26/20,7797.540039,64.61000061,105.6320038,1161.75,1.0
1089,3/27/20,7502.379883,61.93500137,102.8720016,1110.709961,-1.0
1090,3/30/20,7774.149902,63.70249939,100.4260025,1146.819946,1.0
1091,3/31/20,7700.100098,63.57249832,104.8000031,1162.810059,-1.0
1092,4/1/20,7360.580078,60.22750092,96.31199646,1105.619995,-1.0
1093,4/2/20,7487.310059,61.23249817,90.89399719,1120.839966,1.0
1094,4/3/20,7373.080078,60.35250092,96.0019989,1097.880005,-1.0
1095,4/6/20,7913.240234,65.61750031,103.2480011,1186.920044,1.0
1096,4/7/20,7887.259766,64.85749817,109.0899963,1186.51001,-1.0
1097,4/8/20,8090.899902,66.51750183,109.7679977,1210.280029,1.0
1098,4/9/20,8153.580078,66.99749756,114.5999985,1211.449951,1.0
1099,4/13/20,8192.419922,68.3125,130.1900024,1217.560059,1.0
1100,4/14/20,8515.740234,71.76249695,141.9779968,1269.22998,1.0
1101,4/15/20,8393.179688,71.10749817,145.9660034,1262.469971,-1.0
1102,4/16/20,8532.360352,71.67250061,149.0420074,1263.469971,1.0
1103,4/17/20,8650.139648,70.69999695,150.7779999,1283.25,1.0
1104,4/20/20,8560.730469,69.23249817,149.2720032,1266.609985,-1.0
1105,4/21/20,8263.230469,67.09249878,137.3439941,1216.339966,-1.0
1106,4/22/20,8495.379883,69.02500153,146.4219971,1263.209961,1.0
1107,4/23/20,8494.75,68.75749969,141.1260071,1276.310059,-1.0
1108,4/24/20,8634.519531,70.74250031,145.0299988,1279.310059,1.0
1109,4/27/20,8730.160156,70.79250336,159.75,1275.880005,1.0
1110,4/28/20,8607.730469,69.64499664,153.8240051,1233.670044,-1.0
1111,4/29/20,8914.709961,71.93250275,160.102005,1341.47998,1.0
1112,4/30/20,8889.549805,73.44999695,156.3760071,1348.660034,-1.0
1113,5/1/20,8604.950195,72.26750183,140.2640076,1320.609985,-1.0
1114,5/4/20,8710.709961,73.29000092,152.2380066,1326.800049,1.0
1115,5/5/20,8809.120117,74.38999939,153.6419983,1351.109985,1.0
1116,5/6/20,8854.389648,75.15750122,156.5160065,1347.300049,1.0
1117,5/7/20,8979.660156,75.93499756,156.0079956,1372.560059,1.0
1118,5/8/20,9121.320313,77.53250122,163.8840027,1388.369995,1.0
1119,5/11/20,9192.339844,78.75250244,162.2579956,1403.26001,1.0
1120,5/12/20,9002.549805,77.85250092,161.8820038,1375.73999,-1.0
1121,5/13/20,8863.169922,76.91249847,158.1920013,1349.329956,-1.0
1122,5/14/20,8943.719727,77.38500214,160.6660004,1356.130005,1.0
1123,5/15/20,9014.55957,76.92749786,159.8339996,1373.189941,1.0
1124,5/18/20,9234.830078,78.73999786,162.7259979,1383.939941,1.0
1125,5/19/20,9185.099609,78.28500366,161.602005,1373.484985,-1.0
1126,5/20/20,9375.780273,79.80750275,163.1119995,1406.719971,1.0
1127,5/21/20,9284.879883,79.21250153,165.5200043,1402.800049,-1.0
1128,5/22/20,9324.589844,79.72250366,163.3760071,1410.420044,1.0
1129,5/26/20,9340.219727,79.18250275,163.7740021,1417.02002,1.0
1130,5/27/20,9412.360352,79.52749634,164.0460052,1417.839966,1.0
1131,5/28/20,9368.990234,79.5625,161.1620026,1416.72998,-1.0
1132,5/29/20,9489.870117,79.48500061,167.0,1428.920044,1.0
1133,6/1/20,9552.049805,80.46250153,179.6199951,1431.819946,1.0
1134,6/2/20,9608.379883,80.83499908,176.3119965,1439.219971,1.0
1135,6/3/20,9682.910156,81.27999878,176.5919952,1436.380005,1.0
1136,6/4/20,9615.80957,80.58000183,172.8760071,1412.180054,-1.0
1137,6/5/20,9814.080078,82.875,177.1320038,1438.390015,1.0
1138,6/8/20,9924.75,83.36499786,189.9839935,1446.609985,1.0
1139,6/9/20,9953.75,85.99749756,188.1340027,1456.160034,1.0
1140,6/10/20,10020.34961,88.20999908,205.0099945,1465.849976,1.0
1141,6/11/20,9492.730469,83.97499847,194.5679932,1403.839966,-1.0
1142,6/12/20,9588.80957,84.69999695,187.0559998,1413.180054,1.0
1143,6/15/20,9726.019531,85.74749756,198.1799927,1419.849976,1.0
1144,6/16/20,9895.870117,88.01999664,196.4259949,1442.719971,1.0
1145,6/17/20,9910.530273,87.89749908,198.3580017,1451.119995,1.0
1146,6/18/20,9943.049805,87.93250275,200.7920074,1435.959961,1.0
1147,6/19/20,9946.120117,87.43000031,200.1799927,1431.719971,1.0
1148,6/22/20,10056.48047,89.71749878,198.8639984,1451.859985,1.0
1149,6/23/20,10131.37012,91.63249969,200.3560028,1464.410034,1.0
1150,6/24/20,9909.169922,90.01499939,192.1699982,1431.969971,-1.0
1151,6/25/20,10017.0,91.20999908,197.1959991,1441.329956,1.0
1152,6/26/20,9757.219727,88.40750122,191.947998,1359.900024,-1.0
1153,6/29/20,9874.150391,90.44499969,201.8699951,1394.969971,1.0
1154,6/30/20,10058.76953,91.19999695,215.9620056,1413.609985,1.0
1155,7/1/20,10154.62988,91.02749634,223.9259949,1438.040039,1.0
1156,7/2/20,10207.62988,91.02749634,241.7319946,1464.699951,1.0
1157,7/6/20,10433.65039,93.46250153,274.3160095,1495.699951,1.0
1158,7/7/20,10343.88965,93.17250061,277.9719849,1485.180054,-1.0
1159,7/8/20,10492.5,95.34249878,273.1759949,1496.0,1.0
1160,7/9/20,10547.75,95.75250244,278.8559875,1510.98999,1.0
1161,7/10/20,10617.44043,95.91999817,308.9299927,1541.73999,1.0
1162,7/13/20,10390.83984,95.47750092,299.4119873,1511.339966,-1.0
1163,7/14/20,10488.58008,97.05750275,303.3599854,1520.579956,1.0
1164,7/15/20,10550.49023,97.72499847,309.2019958,1513.640015,1.0
1165,7/16/20,10473.83008,96.52249908,300.1279907,1518.0,-1.0
1166,7/17/20,10503.19043,96.32749939,300.1679993,1515.550049,1.0
1167,7/20/20,10767.08984,98.35749817,328.6000061,1565.719971,1.0
1168,7/21/20,10680.36035,97.0,313.6719971,1558.420044,-1.0
1169,7/22/20,10706.12988,97.27249908,318.4660034,1568.48999,1.0
1170,7/23/20,10461.41992,92.84500122,302.6140137,1515.680054,-1.0
1171,7/24/20,10363.17969,92.61499786,283.3999939,1511.869995,-1.0
1172,7/27/20,10536.26953,94.80999756,307.9200134,1530.199951,1.0
1173,7/28/20,10402.08984,93.25250244,295.2980042,1500.339966,-1.0
1174,7/29/20,10542.94043,95.04000092,299.821991,1522.02002,1.0
1175,7/30/20,10587.80957,96.19000244,297.4979858,1531.449951,1.0
1176,7/31/20,10745.26953,106.2600021,286.1520081,1482.959961,1.0
1177,8/3/20,10902.7998,108.9375,297.0,1474.449951,1.0
1178,8/4/20,10941.16992,109.6650009,297.3999939,1464.969971,1.0
1179,8/5/20,10998.40039,110.0625,297.0039978,1473.609985,1.0
1180,8/6/20,11108.07031,113.9024963,297.9159851,1500.099976,1.0
1181,8/7/20,11010.98047,111.1125031,290.5419922,1494.48999,-1.0
1182,8/10/20,10968.36035,112.7275009,283.7139893,1496.099976,-1.0
1183,8/11/20,10782.82031,109.375,274.8779907,1480.319946,-1.0
1184,8/12/20,11012.24023,113.0100021,310.9519958,1506.619995,1.0
1185,8/13/20,11042.5,115.0100021,324.2000122,1518.449951,1.0
1186,8/14/20,11019.2998,114.9075012,330.1419983,1507.72998,-1.0
1187,8/17/20,11129.73047,114.6074982,367.1279907,1517.97998,1.0
1188,8/18/20,11210.83984,115.5625,377.4179993,1558.599976,1.0
1189,8/19/20,11146.45996,115.7074966,375.7059937,1547.530029,-1.0
1190,8/20/20,11264.9502,118.2750015,400.3659973,1581.75,1.0
1191,8/21/20,11311.7998,124.3700027,409.9960022,1580.420044,1.0
1192,8/24/20,11379.71973,125.8574982,402.8399963,1588.199951,1.0
1193,8/25/20,11466.46973,124.8249969,404.6679993,1608.219971,1.0
1194,8/26/20,11665.05957,126.5224991,430.6340027,1652.380005,1.0
1195,8/27/20,11625.33984,125.0100021,447.75,1634.329956,-1.0
1196,8/28/20,11695.62988,124.8075027,442.6799927,1644.410034,1.0
1197,8/31/20,11775.45996,129.0399933,498.3200073,1634.180054,1.0
1198,9/1/20,11939.66992,134.1799927,475.0499878,1660.709961,1.0
1199,9/2/20,12056.44043,131.3999939,447.3699951,1728.280029,1.0
1200,9/3/20,11458.09961,120.8799973,407.0,1641.839966,-1.0
1201,9/4/20,11313.12988,120.9599991,418.3200073,1591.040039,-1.0
1202,9/8/20,10847.69043,112.8199997,330.2099915,1532.390015,-1.0
1203,9/9/20,11141.55957,117.3199997,366.2799988,1556.959961,1.0
1204,9/10/20,10919.58984,113.4899979,371.3399963,1532.02002,-1.0
1205,9/11/20,10853.5498,112.0,372.7200012,1520.719971,-1.0
1206,9/14/20,11056.65039,115.3600006,419.6199951,1519.280029,1.0
1207,9/15/20,11190.32031,115.5400009,449.7600098,1541.439941,1.0
1208,9/16/20,11050.46973,112.1299973,441.7600098,1520.900024,-1.0
1209,9/17/20,10910.28027,110.3399963,423.4299927,1495.530029,-1.0
1210,9/18/20,10793.28027,106.8399963,442.1499939,1459.98999,-1.0
1211,9/21/20,10778.7998,110.0800018,449.3900146,1431.160034,-1.0
1212,9/22/20,10963.63965,111.8099976,424.230011,1465.459961,1.0
1213,9/23/20,10632.99023,107.1200027,380.3599854,1415.209961,-1.0
1214,9/24/20,10672.26953,108.2200012,387.7900085,1428.290039,1.0
1215,9/25/20,10913.55957,112.2799988,407.3399963,1444.959961,1.0
1216,9/28/20,11117.53027,114.9599991,421.2000122,1464.52002,1.0
1217,9/29/20,11085.25,114.0899963,419.0700073,1469.329956,-1.0
1218,9/30/20,11167.50977,115.8099976,429.0100098,1469.599976,1.0
1219,10/1/20,11326.50977,116.7900009,448.1600037,1490.089966,1.0
1220,10/2/20,11075.01953,113.0199966,415.0899963,1458.420044,-1.0
1221,10/5/20,11332.49023,116.5,425.6799927,1486.02002,1.0
1222,10/6/20,11154.59961,113.1600037,413.980011,1453.439941,-1.0
1223,10/7/20,11364.59961,115.0800018,425.2999878,1460.290039,1.0
1224,10/8/20,11420.98047,114.9700012,425.9200134,1485.930054,1.0
1225,10/9/20,11579.94043,116.9700012,434.0,1515.219971,1.0
1226,10/12/20,11876.25977,124.4000015,442.2999878,1569.150024,1.0
1227,10/13/20,11863.90039,121.0999985,446.6499939,1571.680054,-1.0
1228,10/14/20,11768.73047,121.1900024,461.2999878,1568.079956,-1.0
1229,10/15/20,11713.87012,120.7099991,448.8800049,1559.130005,-1.0
1230,10/16/20,11671.55957,119.0199966,439.6700134,1573.01001,-1.0
1231,10/19/20,11478.87988,115.9800034,430.8299866,1534.609985,-1.0
1232,10/20/20,11516.49023,117.5100021,421.9400024,1555.930054,1.0
1233,10/21/20,11484.69043,116.8700027,422.6400146,1593.310059,-1.0
1234,10/22/20,11506.00977,115.75,425.7900085,1615.329956,1.0
1235,10/23/20,11548.28027,115.0400009,420.6300049,1641.0,1.0
1236,10/26/20,11358.94043,115.0500031,420.2799988,1590.449951,-1.0
1237,10/27/20,11431.34961,116.5999985,424.6799927,1604.26001,1.0
1238,10/28/20,11004.87012,111.1999969,406.019989,1516.619995,-1.0
1239,10/29/20,11185.58984,115.3199997,410.8299866,1567.23999,1.0
1240,10/30/20,10911.58984,108.8600006,388.0400085,1621.01001,-1.0
1241,11/2/20,10957.61035,108.7699966,400.5100098,1626.030029,1.0
1242,11/3/20,11160.57031,110.4400024,423.8999939,1650.209961,1.0
1243,11/4/20,11590.78027,114.9499969,420.980011,1749.130005,1.0
1244,11/5/20,11890.92969,119.0299988,438.0899963,1763.369995,1.0
1245,11/6/20,11895.23047,118.6900024,429.9500122,1761.75,1.0
1246,11/9/20,11713.78027,116.3199997,421.2600098,1763.0,-1.0
1247,11/10/20,11553.86035,115.9700012,410.3599854,1740.390015,-1.0
1248,11/11/20,11786.42969,119.4899979,417.1300049,1752.709961,1.0
1249,11/12/20,11709.58984,119.2099991,411.7600098,1749.839966,-1.0
1250,11/13/20,11829.29004,119.2600021,408.5,1777.02002,1.0
1251,11/16/20,11924.12988,120.3000031,408.0899963,1781.380005,1.0
1252,11/17/20,11899.33984,119.3899994,441.6099854,1770.150024,-1.0
1253,11/18/20,11801.59961,118.0299988,486.6400146,1746.780029,-1.0
1254,11/19/20,11904.70996,118.6399994,499.269989,1763.920044,1.0
1255,11/20/20,11854.96973,117.3399963,489.6099854,1742.189941,-1.0
1256,11/23/20,11880.62988,113.8499985,521.8499756,1734.859985,1.0
1257,11/24/20,12036.79004,115.1699982,555.3800049,1768.880005,1.0
1258,11/25/20,12094.40039,116.0299988,574.0,1771.430054,1.0
1259,11/27/20,12205.84961,116.5899963,585.7600098,1793.189941,1.0
1260,11/30/20,12198.74023,119.0500031,567.5999756,1760.73999,-1.0
1261,12/1/20,12355.11035,122.7200012,584.7600098,1798.099976,1.0
1262,12/2/20,12349.37012,123.0800018,568.8200073,1827.949951,-1.0
1263,12/3/20,12377.17969,122.9400024,593.3800049,1826.77002,1.0
1264,12/4/20,12464.23047,122.25,599.039978,1827.98999,1.0
1265,12/7/20,12519.9502,123.75,641.7600098,1819.47998,1.0
1266,12/8/20,12582.76953,124.3799973,649.8800049,1818.550049,1.0
1267,12/9/20,12338.9502,121.7799988,604.4799805,1784.130005,-1.0
1268,12/10/20,12405.80957,123.2399979,627.0700073,1775.329956,1.0
1269,12/11/20,12377.87012,122.4100037,609.9899902,1781.77002,-1.0
1270,12/14/20,12440.04004,121.7799988,639.8300171,1760.060059,1.0
1271,12/15/20,12595.05957,127.8799973,633.25,1767.77002,1.0
1272,12/16/20,12658.19043,127.8099976,622.7700195,1763.0,1.0
1273,12/17/20,12764.75,128.6999969,655.9000244,1747.900024,1.0
1274,12/18/20,12755.63965,126.6600037,695.0,1731.01001,-1.0
1275,12/21/20,12742.51953,128.2299957,649.8599854,1739.369995,-1.0
1276,12/22/20,12807.91992,131.8800049,640.3400269,1723.5,1.0
1277,12/23/20,12771.11035,130.9600067,645.9799805,1732.380005,-1.0
1278,12/24/20,12804.73047,131.9700012,661.7700195,1738.849976,1.0
1279,12/28/20,12899.41992,136.6900024,663.6900024,1776.089966,1.0
1280,12/29/20,12850.21973,134.8699951,665.9899902,1758.719971,-1.0
1281,12/30/20,12870.0,133.7200012,694.7800293,1739.52002,1.0
1282,12/31/20,12888.28027,132.6900024,705.6699829,1751.880005,1.0
1283,1/4/21,12698.4502,129.4100037,729.7700195,1728.23999,-1.0
1284,1/5/21,12818.95996,131.0099945,735.1099854,1740.920044,1.0
1285,1/6/21,12740.79004,126.5999985,755.9799805,1735.290039,-1.0
1286,1/7/21,13067.48047,130.9199982,816.039978,1787.25,1.0
1287,1/8/21,13201.98047,132.0500031,880.0200195,1807.209961,1.0
1288,1/11/21,13036.42969,128.9799957,811.1900024,1766.719971,-1.0
1289,1/12/21,13072.42969,128.8000031,849.4400024,1746.550049,1.0
1290,1/13/21,13128.9502,130.8899994,854.4099731,1754.400024,1.0
1291,1/14/21,13112.63965,128.9100037,845.0,1740.180054,-1.0
1292,1/15/21,12998.5,127.1399994,826.1599731,1736.189941,-1.0
1293,1/19/21,13197.17969,127.8300018,844.5499878,1790.859985,1.0
1294,1/20/21,13457.25,132.0299988,850.4500122,1886.900024,1.0
1295,1/21/21,13530.91016,136.8699951,844.9899902,1891.25,1.0
1296,1/22/21,13543.05957,139.0700073,846.6400146,1901.050049,1.0
1297,1/25/21,13635.99023,142.9199982,880.7999878,1899.400024,1.0
1298,1/26/21,13626.05957,143.1600037,883.0900269,1917.23999,-1.0
1299,1/27/21,13270.59961,142.0599976,864.1599731,1830.790039,-1.0
1300,1/28/21,13337.16016,137.0899963,835.4299927,1863.109985,1.0
1301,1/29/21,13070.69043,131.9600067,793.5300293,1835.73999,-1.0
1302,2/1/21,13403.38965,134.1399994,839.8099976,1901.349976,1.0
1303,2/2/21,13612.78027,134.9900055,872.789978,1927.51001,1.0
1304,2/3/21,13610.54004,133.9400024,854.6900024,2070.070068,-1.0
1305,2/4/21,13777.74023,137.3899994,849.9899902,2062.370117,1.0
1306,2/5/21,13856.2998,136.7599945,852.2299805,2098.0,1.0
1307,2/8/21,13987.63965,136.9100037,863.4199829,2092.909912,1.0
1308,2/9/21,14007.7002,136.0099945,849.460022,2083.51001,1.0
1309,2/10/21,13972.53027,135.3899994,804.8200073,2095.379883,-1.0
1310,2/11/21,14025.76953,135.1300049,811.6599731,2095.889893,1.0
1311,2/12/21,14095.46973,135.3699951,816.1199951,2104.110107,1.0
1312,2/16/21,14047.5,133.1900024,796.2199707,2121.899902,-1.0
1313,2/17/21,13965.49023,130.8399963,798.1500244,2128.310059,-1.0
1314,2/18/21,13865.36035,129.7100067,787.3800049,2117.199951,-1.0
1315,2/19/21,13874.45996,129.8699951,781.2999878,2101.139893,1.0
1316,2/22/21,13533.0498,126.0,714.5,2064.879883,-1.0
1317,2/23/21,13465.2002,125.8600006,698.8400269,2070.860107,-1.0
1318,2/24/21,13597.96973,125.3499985,742.0200195,2095.169922,1.0
1319,2/25/21,13119.42969,120.9899979,682.2199707,2031.359985,-1.0
1320,2/26/21,13192.34961,121.2600021,675.5,2036.859985,1.0
1321,3/1/21,13588.83008,127.7900009,718.4299927,2081.51001,1.0
1322,3/2/21,13358.79004,125.1200027,686.4400024,2075.840088,-1.0
1323,3/3/21,12997.75,122.0599976,653.2000122,2026.709961,-1.0
1324,3/4/21,12723.46973,120.1299973,621.4400024,2049.090088,-1.0
1325,3/5/21,12920.15039,121.4199982,597.9500122,2108.540039,1.0
1326,3/8/21,12609.16016,116.3600006,563.0,2024.170044,-1.0
1327,3/9/21,13073.82031,121.0899963,673.5800171,2052.699951,1.0
1328,3/10/21,13068.83008,119.9800034,668.0599976,2055.030029,-1.0
1329,3/11/21,13398.66992,121.9599991,699.5999756,2114.77002,1.0
1330,3/12/21,13319.86035,121.0299988,693.7299805,2061.919922,-1.0
1331,3/15/21,13459.70996,123.9899979,707.9400024,2066.48999,1.0
1332,3/16/21,13471.57031,125.5699997,676.8800049,2092.52002,1.0
1333,3/17/21,13525.2002,124.7600021,701.8099976,2091.080078,1.0
1334,3/18/21,13116.16992,120.5299988,653.1599731,2036.219971,-1.0
1335,3/19/21,13215.24023,119.9899979,654.8699951,2043.199951,1.0
1336,3/22/21,13377.54004,123.3899994,670.0,2038.589966,1.0
1337,3/23/21,13227.7002,122.5400009,662.1599731,2052.959961,-1.0
1338,3/24/21,12961.88965,120.0899963,630.2700195,2045.060059,-1.0
1339,3/25/21,12977.67969,120.5899963,640.3900146,2044.359985,1.0
1340,3/26/21,13138.73047,121.2099991,618.710022,2035.550049,1.0
1341,3/29/21,13059.65039,121.3899994,611.289978,2055.949951,-1.0
1342,3/30/21,13045.38965,119.9000015,635.6199951,2055.540039,-1.0
1343,3/31/21,13246.87012,122.1500015,667.9299927,2068.629883,1.0
1344,4/1/21,13480.11035,123.0,661.75,2137.75,1.0
1345,4/5/21,13705.58984,125.9000015,691.0499878,2225.550049,1.0
1346,4/6/21,13698.37988,126.2099991,691.6199951,2224.75,-1.0
1347,4/7/21,13688.83984,127.9000015,670.9699707,2249.679932,-1.0
1348,4/8/21,13829.30957,130.3600006,683.7999878,2265.439941,1.0
1349,4/9/21,13900.19043,133.0,677.0200195,2285.879883,1.0
1350,4/12/21,13850.0,131.2400055,701.9799805,2254.790039,-1.0
1351,4/13/21,13996.09961,134.4299927,762.3200073,2267.27002,1.0
1352,4/14/21,13857.83984,132.0299988,732.2299805,2254.840088,-1.0
1353,4/15/21,14038.75977,134.5,738.8499756,2296.659912,1.0
1354,4/16/21,14052.33984,134.1600037,739.7800293,2297.76001,1.0
1355,4/19/21,13914.76953,134.8399963,714.6300049,2302.399902,-1.0
1356,4/20/21,13786.26953,133.1100006,718.9899902,2293.629883,-1.0
1357,4/21/21,13950.21973,133.5,744.1199951,2293.290039,1.0
1358,4/22/21,13818.41016,131.9400024,719.6900024,2267.919922,-1.0
1359,4/23/21,14016.80957,134.3200073,729.4000244,2315.300049,1.0
1360,4/26/21,14138.78027,134.7200012,738.2000122,2326.73999,1.0
1361,4/27/21,14090.21973,134.3899994,704.7399902,2307.120117,-1.0
1362,4/28/21,14051.03027,133.5800018,694.4000244,2379.909912,-1.0
1363,4/29/21,14082.5498,133.4799957,677.0,2429.889893,1.0
1364,4/30/21,13962.67969,131.4600067,709.4400024,2410.120117,-1.0
1365,5/3/21,13895.12012,132.5399933,684.9000244,2395.169922,-1.0
1366,5/4/21,13633.5,127.8499985,673.5999756,2354.25,-1.0
1367,5/5/21,13582.41992,128.1000061,670.9400024,2356.73999,-1.0
1368,5/6/21,13632.83984,129.7400055,663.539978,2381.350098,1.0
1369,5/7/21,13752.24023,130.2100067,672.3699951,2398.689941,1.0
1370,5/10/21,13401.86035,126.8499985,629.039978,2341.659912,-1.0
1371,5/11/21,13389.42969,125.9100037,617.2000122,2308.76001,-1.0
1372,5/12/21,13031.67969,122.7699966,589.8900146,2239.080078,-1.0
1373,5/13/21,13124.99023,124.9700012,571.6900024,2261.969971,1.0
1374,5/14/21,13429.98047,127.4499969,589.7399902,2316.159912,1.0
1375,5/17/21,13379.0498,126.2699966,576.8300171,2321.409912,-1.0
1376,5/18/21,13303.63965,124.8499985,577.8699951,2303.429932,-1.0
1377,5/19/21,13299.74023,124.6900024,563.460022,2308.709961,-1.0
1378,5/20/21,13535.74023,127.3099976,586.7800293,2356.090088,1.0
1379,5/21/21,13470.99023,125.4300003,580.8800049,2345.100098,-1.0
1380,5/24/21,13661.16992,127.0999985,606.4400024,2406.669922,1.0
1381,5/25/21,13657.16992,126.9000015,604.6900024,2409.070068,-1.0
1382,5/26/21,13738.0,126.8499985,619.1300049,2433.530029,1.0
1383,5/27/21,13736.28027,125.2799988,630.8499756,2402.51001,-1.0
1384,5/28/21,13748.74023,124.6100006,625.2199707,2411.560059,1.0
1385,6/1/21,13736.48047,124.2799988,623.9000244,2429.810059,-1.0
1386,6/2/21,13756.33008,125.0599976,605.1199951,2421.280029,1.0
1387,6/3/21,13614.50977,123.5400009,572.8400269,2404.610107,-1.0
1388,6/4/21,13814.49023,125.8899994,599.0499878,2451.76001,1.0
1389,6/7/21,13881.71973,125.9000015,605.1300049,2466.090088,1.0
1390,6/8/21,13924.91016,126.7399979,603.5900269,2482.850098,1.0
1391,6/9/21,13911.75,127.1299973,598.7800293,2491.399902,-1.0
1392,6/10/21,14020.33008,126.1100006,610.1199951,2521.600098,1.0
1393,6/11/21,14069.41992,127.3499985,609.8900146,2513.929932,1.0
1394,6/14/21,14174.13965,130.4799957,617.6900024,2527.040039,1.0
1395,6/15/21,14072.86035,129.6399994,599.3599854,2520.659912,-1.0
1396,6/16/21,14039.67969,130.1499939,604.8699951,2513.929932,-1.0
1397,6/17/21,14161.34961,131.7899933,616.5999756,2527.419922,1.0
1398,6/18/21,14030.37988,130.4600067,623.3099976,2511.350098,-1.0
1399,6/21/21,14141.48047,132.3000031,620.8300171,2529.100098,1.0
1400,6/22/21,14253.26953,133.9799957,623.710022,2539.98999,1.0
1401,6/23/21,14271.73047,133.6999969,656.5700073,2529.22998,1.0
1402,6/24/21,14369.70996,133.4100037,679.8200073,2545.639893,1.0
1403,6/25/21,14360.38965,133.1100006,671.8699951,2539.899902,-1.0
1404,6/28/21,14500.50977,134.7799988,688.7199707,2536.389893,1.0
1405,6/29/21,14528.33008,136.3300018,680.7600098,2520.370117,1.0
1406,6/30/21,14503.9502,136.9600067,679.7000122,2506.320068,-1.0
1407,7/1/21,14522.37988,137.2700043,677.9199829,2527.370117,1.0
1408,7/2/21,14639.33008,139.9600067,678.9000244,2574.379883,1.0
1409,7/6/21,14663.63965,142.0200043,659.5800171,2595.419922,1.0
1410,7/7/21,14665.05957,144.5700073,644.6500244,2601.550049,1.0
1411,7/8/21,14559.78027,143.2400055,652.8099976,2583.540039,-1.0
1412,7/9/21,14701.91992,145.1100006,656.9500122,2591.48999,1.0
1413,7/12/21,14733.24023,144.5,685.7000122,2611.280029,1.0
1414,7/13/21,14677.65039,145.6399994,668.539978,2619.889893,-1.0
1415,7/14/21,14644.9502,149.1499939,653.3800049,2641.649902,-1.0
1416,7/15/21,14543.12988,148.4799957,650.5999756,2625.330078,-1.0
1417,7/16/21,14427.24023,146.3899994,644.2199707,2636.909912,-1.0
1418,7/19/21,14274.98047,142.4499969,646.2199707,2585.080078,-1.0
1419,7/20/21,14498.87988,146.1499939,660.5,2622.030029,1.0
1420,7/21/21,14631.9502,145.3999939,655.289978,2652.01001,1.0
1421,7/22/21,14684.59961,146.8000031,649.2600098,2666.570068,1.0
1422,7/23/21,14836.99023,148.5599976,643.3800049,2756.320068,1.0
1423,7/26/21,14840.70996,148.9900055,657.6199951,2792.889893,1.0
1424,7/27/21,14660.58008,146.7700043,644.7800293,2735.929932,-1.0
1425,7/28/21,14762.58008,144.9799957,646.9799805,2727.629883,1.0
1426,7/29/21,14778.25977,145.6399994,677.3499756,2730.810059,1.0
1427,7/30/21,14672.67969,145.8600006,687.2000122,2704.419922,-1.0
1428,8/2/21,14681.07031,145.5200043,709.6699829,2719.790039,1.0
1429,8/3/21,14761.29004,147.3600006,709.7399902,2725.600098,1.0
1430,8/4/21,14780.53027,146.9499969,710.9199829,2720.570068,1.0
1431,8/5/21,14895.12012,147.0599976,714.6300049,2738.800049,1.0
1432,8/6/21,14835.75977,146.1399994,699.0999756,2740.719971,-1.0
1433,8/9/21,14860.17969,146.0899963,713.7600098,2760.040039,1.0
1434,8/10/21,14788.08984,145.6000061,709.9899902,2761.929932,-1.0
1435,8/11/21,14765.13965,145.8600006,707.8200073,2753.790039,-1.0
1436,8/12/21,14816.25977,148.8899994,722.25,2767.790039,1.0
1437,8/13/21,14822.90039,149.1000061,717.1699829,2768.120117,1.0
1438,8/16/21,14793.75977,151.1199951,686.1699829,2778.320068,-1.0
1439,8/17/21,14656.17969,150.1900024,665.710022,2746.01001,-1.0
1440,8/18/21,14525.91016,146.3600006,688.9899902,2731.399902,-1.0
1441,8/19/21,14541.79004,146.6999969,673.4699707,2738.27002,1.0
1442,8/20/21,14714.66016,148.1900024,680.2600098,2768.73999,1.0
1443,8/23/21,14942.65039,149.7100067,706.2999878,2821.98999,1.0
1444,8/24/21,15019.7998,149.6199951,708.4899902,2847.969971,1.0
1445,8/25/21,15041.86035,148.3600006,711.2000122,2859.0,1.0
1446,8/26/21,14945.80957,147.5399933,701.1599731,2842.459961,-1.0
1447,8/27/21,15129.5,148.6000061,711.9199829,2891.01001,1.0
1448,8/30/21,15265.88965,153.1199951,730.9099731,2909.389893,1.0
1449,8/31/21,15259.24023,151.8300018,735.7199707,2909.23999,-1.0
1450,9/1/21,15309.37988,152.5099945,734.0900269,2916.840088,1.0
1451,9/2/21,15331.17969,153.6499939,732.3900146,2884.379883,1.0
1452,9/3/21,15363.51953,154.3000031,733.5700073,2895.5,1.0
1453,9/7/21,15374.33008,156.6900024,752.9199829,2910.379883,1.0
1454,9/8/21,15286.63965,155.1100006,753.8699951,2897.669922,-1.0
1455,9/9/21,15248.25,154.0700073,754.8599854,2898.27002,-1.0
1456,9/10/21,15115.49023,148.9700012,736.2700195,2838.419922,-1.0
1457,9/13/21,15105.58008,149.5500031,743.0,2869.300049,-1.0
1458,9/14/21,15037.75977,148.1199951,744.4899902,2868.120117,-1.0
1459,9/15/21,15161.53027,149.0299988,755.8300171,2904.120117,1.0
1460,9/16/21,15181.91992,148.7899933,756.9899902,2887.469971,1.0
1461,9/17/21,15043.96973,146.0599976,759.4899902,2829.27002,-1.0
1462,9/20/21,14713.90039,142.9400024,730.1699829,2780.340088,-1.0
1463,9/21/21,14746.40039,143.4299927,739.3800049,2792.929932,1.0
1464,9/22/21,14896.84961,145.8500061,751.9400024,2818.77002,1.0
1465,9/23/21,15052.24023,146.8300018,753.6400146,2836.530029,1.0
1466,9/24/21,15047.7002,146.9199982,774.3900146,2852.659912,-1.0
1467,9/27/21,14969.96973,145.3699951,791.3599854,2830.02002,-1.0
1468,9/28/21,14546.67969,141.9100037,777.5599976,2723.679932,-1.0
1469,9/29/21,14512.44043,142.8300018,781.3099976,2690.419922,-1.0
1470,9/30/21,14448.58008,141.5,775.4799805,2665.310059,-1.0
1471,10/1/21,14566.7002,142.6499939,775.2199707,2729.25,1.0
1472,10/4/21,14255.48047,139.1399994,781.5300293,2675.300049,-1.0
1473,10/5/21,14433.83008,141.1100006,780.5900269,2723.540039,1.0
1474,10/6/21,14501.91016,142.0,782.75,2747.080078,1.0
1475,10/7/21,14654.01953,143.2899933,793.6099854,2783.709961,1.0
1476,10/8/21,14579.54004,142.8999939,785.4899902,2801.120117,-1.0
1477,10/11/21,14486.2002,142.8099976,791.9400024,2776.949951,-1.0
1478,10/12/21,14465.91992,141.5099945,805.7199707,2734.26001,-1.0
1479,10/13/21,14571.63965,140.9100037,811.0800171,2758.0,1.0
1480,10/14/21,14823.42969,143.7599945,818.3200073,2828.23999,1.0
1481,10/15/21,14897.33984,144.8399963,843.0300293,2833.5,1.0
1482,10/18/21,15021.80957,146.5500031,870.1099854,2859.209961,1.0
1483,10/19/21,15129.08984,148.7599945,864.2700195,2876.439941,1.0
1484,10/20/21,15121.67969,149.2599945,865.7999878,2848.300049,-1.0
1485,10/21/21,15215.7002,149.4799957,894.0,2855.610107,1.0
1486,10/22/21,15090.2002,148.6900024,909.6799927,2772.5,-1.0
1487,10/25/21,15226.70996,148.6399994,1024.859985,2775.459961,1.0
1488,10/26/21,15235.70996,149.3200073,1018.429993,2793.439941,1.0
1489,10/27/21,15235.83984,148.8500061,1037.859985,2928.550049,1.0
1490,10/28/21,15448.12012,152.5700073,1077.040039,2922.580078,1.0
1491,10/29/21,15498.38965,149.8000031,1114.0,2965.409912,1.0
1492,11/1/21,15595.91992,148.9600067,1208.589966,2875.47998,1.0
1493,11/2/21,15649.59961,150.0200043,1172.0,2917.26001,1.0
1494,11/3/21,15811.58008,151.4900055,1213.859985,2935.800049,1.0
1495,11/4/21,15940.30957,150.9600067,1229.910034,2973.659912,1.0
1496,11/5/21,15971.58984,151.2799988,1222.089966,2984.820068,1.0
1497,11/8/21,15982.36035,150.4400024,1162.939941,2987.030029,1.0
1498,11/9/21,15886.54004,150.8099976,1023.5,2984.969971,-1.0
1499,11/10/21,15622.70996,147.9199982,1067.949951,2932.52002,-1.0
1500,11/11/21,15704.28027,147.8699951,1063.51001,2934.959961,1.0
1501,11/12/21,15860.95996,149.9900055,1033.420044,2992.909912,1.0
1502,11/15/21,15853.84961,150.0,1013.390015,2987.76001,-1.0
1503,11/16/21,15973.86035,151.0,1054.72998,2981.52002,1.0
1504,11/17/21,15921.57031,153.4900055,1089.01001,2981.23999,-1.0
1505,11/18/21,15993.70996,157.8699951,1096.380005,3014.179932,1.0
1506,11/19/21,16057.44043,160.5500031,1137.060059,2999.050049,1.0
1507,11/22/21,15854.75977,161.0200043,1156.869995,2941.570068,-1.0
1508,11/23/21,15775.13965,161.4100037,1109.030029,2935.139893,-1.0
1509,11/24/21,15845.23047,161.9400024,1116.0,2934.350098,1.0
1510,11/26/21,15491.66016,156.8099976,1081.920044,2856.120117,-1.0
